Year,Region,Zone,Site,Total Fish Densit_mean,Total Fish Densit_SE,Fish Species richness_mean,Fish Species richness_SE,Fishery Target Spp_mean,Fishery Target Spp_SE,Grazers_mean,Grazers_SE,Corallivores_mean,Coraliivores_SE,Planktivores_mean,Planktivores_SE,Territorial Pomacentrids_mean,Territorial Pomacentrids_SE,Plectropomus spp_mean,Plectropomus spp_SE,SCI_mean,SCI_SE,LCC_mean,LCC_SE,LHC_mean,LHC_SE,MAC_mean,MAC_SE,
1999,Whitsunday,Fished,HB1,,,,,16.7,4.6,,,,,,,,,1.3,0.8,16.0,1.9,32.8,4.3,19.2,2.3,24.0,7.4,
1999,Whitsunday,Fished,HB2,,,,,12.7,4.5,,,,,,,,,4.7,1.7,14.5,1.2,60.8,5.4,48.8,3.9,19.2,2.9,
1999,Whitsunday,Fished,HB3,,,,,8.0,4.2,,,,,,,,,0.7,0.7,11.9,2.6,68.8,3.4,40.8,5.9,0.0,0.0,
1999,Whitsunday,Fished,HB4,,,,,2.7,1.2,,,,,,,,,0.7,0.7,9.5,1.3,56.0,6.3,13.6,5.3,2.4,1.6,
1999,Whitsunday,Fished,HB5,,,,,9.3,3.9,,,,,,,,,3.3,1.1,7.0,0.9,58.4,3.7,28.8,4.8,0.0,0.0,
1999,Whitsunday,Fished,HB6,,,,,10.0,2.4,,,,,,,,,3.3,1.8,8.1,1.3,72.8,3.9,60.8,5.1,0.0,0.0,
1999,Whitsunday,Fished,W1,,,,,9.3,2.2,,,,,,,,,1.3,1.3,18.7,2.0,73.6,3.0,39.2,5.6,0.0,0.0,
1999,Whitsunday,Fished,W2,,,,,8.0,3.1,,,,,,,,,2.0,1.3,18.8,1.6,72.0,3.3,39.2,6.5,4.0,1.3,
1999,Whitsunday,Fished,W3,,,,,6.0,1.2,,,,,,,,,2.0,0.8,8.3,0.4,37.6,4.7,8.8,4.3,31.2,8.1,
1999,Whitsunday,Fished,W4,,,,,13.3,3.0,,,,,,,,,2.0,1.3,16.0,2.8,31.2,5.1,13.6,3.0,36.8,2.9,
1999,Whitsunday,Fished,W5,,,,,10.7,3.9,,,,,,,,,4.7,1.7,15.0,1.5,21.6,2.0,17.6,2.7,53.6,4.3,
1999,Whitsunday,Fished,W6,,,,,21.3,3.4,,,,,,,,,6.7,1.5,16.2,1.0,32.8,4.8,20.0,2.8,50.4,5.0,
1999,Whitsunday,NTR 1987,B1,,,,,26.7,9.2,,,,,,,,,12.7,3.6,6.0,0.0,94.4,2.4,52.0,7.7,0.0,0.0,
1999,Whitsunday,NTR 1987,B2,,,,,14.7,3.4,,,,,,,,,6.0,1.2,7.2,0.3,87.2,2.7,33.6,2.4,0.0,0.0,
1999,Whitsunday,NTR 1987,B3,,,,,18.7,7.3,,,,,,,,,4.7,1.7,5.9,0.1,67.2,4.8,38.4,2.7,0.0,0.0,
1999,Whitsunday,NTR 1987,B4,,,,,44.0,21.2,,,,,,,,,8.7,2.3,5.9,0.5,88.0,2.2,40.0,2.5,0.0,0.0,
1999,Whitsunday,NTR 1987,B5,,,,,8.0,1.7,,,,,,,,,2.0,1.3,6.6,1.1,81.6,5.2,56.0,9.7,0.0,0.0,
1999,Whitsunday,NTR 1987,B6,,,,,8.0,1.7,,,,,,,,,6.0,0.7,7.1,0.8,71.2,4.6,49.6,5.2,20.8,2.7,
1999,Whitsunday,NTR 1987,HG1,,,,,23.3,9.5,,,,,,,,,3.3,1.8,8.5,0.5,73.6,4.3,61.6,5.7,0.0,0.0,
1999,Whitsunday,NTR 1987,HG2,,,,,28.0,9.9,,,,,,,,,10.0,2.8,4.6,0.4,68.0,5.1,41.6,6.8,9.6,3.9,
1999,Whitsunday,NTR 1987,HG3,,,,,18.0,2.7,,,,,,,,,14.0,1.9,8.5,0.1,68.8,4.5,33.6,2.0,13.6,3.9,
1999,Whitsunday,NTR 1987,HG4,,,,,24.0,4.4,,,,,,,,,10.0,4.9,6.8,0.5,46.4,7.4,37.6,6.8,0.0,0.0,
1999,Whitsunday,NTR 1987,HG5,,,,,16.0,4.5,,,,,,,,,5.3,2.0,5.0,0.4,57.6,4.1,31.2,3.4,0.8,0.8,
1999,Whitsunday,NTR 1987,HG6,,,,,12.7,1.9,,,,,,,,,6.7,1.1,8.4,0.4,47.2,4.3,36.0,4.9,0.0,0.0,
2000,Palm,Fished,PE1,,,,,25.3,2.5,,,,,,,,,6.7,1.8,13.0,3.4,72.8,7.7,26.4,5.5,0.0,0.0,
2000,Palm,Fished,PE2,,,,,7.3,3.4,,,,,,,,,2.0,2.0,23.0,1.2,81.6,4.1,63.2,3.9,0.0,0.0,
2000,Palm,Fished,PE3,,,,,12.0,2.0,,,,,,,,,5.3,1.7,21.4,2.2,60.8,2.7,50.4,3.7,0.0,0.0,
2000,Palm,Fished,PE4,,,,,8.7,2.3,,,,,,,,,2.7,1.6,14.2,1.6,80.8,3.2,61.6,6.1,0.0,0.0,
2000,Palm,Fished,PE5,,,,,9.3,2.7,,,,,,,,,2.7,1.6,17.4,3.2,52.8,8.3,40.8,7.1,0.0,0.0,
2000,Palm,Fished,PE6,,,,,12.7,8.1,,,,,,,,,3.3,1.5,14.0,2.5,49.6,5.5,35.2,4.5,0.0,0.0,
2000,Palm,Fished,PS1,,,,,20.0,2.4,,,,,,,,,6.0,1.9,10.6,2.0,41.6,5.2,16.8,5.7,0.0,0.0,
2000,Palm,Fished,PS2,,,,,13.3,3.5,,,,,,,,,4.0,1.2,9.6,0.6,59.2,3.4,52.8,3.4,12.0,3.3,
2000,Palm,Fished,PS3,,,,,14.7,3.4,,,,,,,,,4.7,1.3,14.4,1.0,40.8,0.8,18.4,3.7,16.8,5.4,
2000,Palm,Fished,PS4,,,,,13.3,5.6,,,,,,,,,2.7,1.2,4.8,0.8,28.0,8.4,14.4,5.9,6.4,3.7,
2000,Palm,Fished,PS5,,,,,4.7,1.3,,,,,,,,,1.3,0.8,24.0,1.0,56.8,7.7,40.8,6.1,12.0,4.4,
2000,Palm,Fished,PS6,,,,,8.0,3.3,,,,,,,,,2.7,0.7,20.8,3.1,48.0,3.3,25.6,4.7,16.0,3.3,
2000,Palm,NTR 1987,OE1,,,,,38.7,12.1,,,,,,,,,12.7,6.3,8.4,1.1,76.8,4.3,21.6,2.4,0.0,0.0,
2000,Palm,NTR 1987,OE2,,,,,70.7,16.2,,,,,,,,,26.0,7.9,8.8,1.0,83.2,2.7,27.2,4.5,0.0,0.0,
2000,Palm,NTR 1987,OE3,,,,,32.7,5.5,,,,,,,,,8.0,1.7,7.8,1.4,71.2,4.5,32.0,3.3,0.0,0.0,
2000,Palm,NTR 1987,OE4,,,,,59.3,9.8,,,,,,,,,26.7,5.1,22.0,2.0,91.2,6.0,52.0,7.2,0.0,0.0,
2000,Palm,NTR 1987,OE5,,,,,24.0,1.2,,,,,,,,,9.3,1.6,12.8,0.8,79.2,5.0,43.2,4.3,0.0,0.0,
2000,Palm,NTR 1987,OE6,,,,,29.3,5.1,,,,,,,,,16.7,5.3,24.0,1.0,90.4,1.6,48.8,8.1,0.0,0.0,
2000,Palm,NTR 1987,OS1,,,,,20.0,5.3,,,,,,,,,6.0,1.2,9.6,0.6,41.6,5.0,36.0,2.8,16.0,4.2,
2000,Palm,NTR 1987,OS2,,,,,24.0,8.4,,,,,,,,,10.0,2.8,8.4,1.1,48.0,5.4,31.2,4.6,0.8,0.8,
2000,Palm,NTR 1987,OS3,,,,,34.7,8.1,,,,,,,,,11.3,2.3,9.0,0.9,52.0,5.7,20.8,2.3,0.8,0.8,
2000,Palm,NTR 1987,OS4,,,,,28.7,3.1,,,,,,,,,8.0,2.5,4.0,0.0,31.2,2.9,21.6,3.7,12.0,4.9,
2000,Palm,NTR 1987,OS5,,,,,69.3,9.0,,,,,,,,,21.3,0.8,17.6,1.0,62.4,3.0,30.4,6.5,5.6,2.0,
2000,Palm,NTR 1987,OS6,,,,,20.7,2.9,,,,,,,,,6.0,1.2,3.4,0.9,62.4,7.5,10.4,3.2,10.4,3.5,
2001,Palm,Fished,PE1,,,,,25.3,5.8,,,,,,,,,4.7,1.7,9.1,0.3,58.4,6.3,28.0,5.1,0.0,0.0,
2001,Palm,Fished,PE2,,,,,10.0,1.5,,,,,,,,,2.7,0.7,23.4,0.7,65.6,3.2,55.2,4.3,9.6,2.7,
2001,Palm,Fished,PE3,,,,,12.7,3.6,,,,,,,,,3.3,1.8,11.3,2.0,79.2,2.3,48.0,4.4,0.0,0.0,
2001,Palm,Fished,PE4,,,,,8.0,0.8,,,,,,,,,1.3,0.8,16.9,1.4,19.2,2.7,13.6,4.8,15.2,4.1,
2001,Palm,Fished,PE5,,,,,6.0,1.6,,,,,,,,,1.3,0.8,13.2,1.5,21.6,4.3,11.2,2.3,45.6,11.6,
2001,Palm,Fished,PE6,,,,,4.7,0.8,,,,,,,,,2.0,0.8,12.7,0.8,28.8,4.6,17.6,6.0,0.0,0.0,
2001,Palm,Fished,PS1,,,,,16.0,6.3,,,,,,,,,5.3,1.7,14.8,1.2,53.6,9.2,17.6,6.3,0.0,0.0,
2001,Palm,Fished,PS2,,,,,14.0,5.2,,,,,,,,,3.3,2.1,10.6,0.4,68.0,5.7,55.2,8.6,5.6,2.4,
2001,Palm,Fished,PS3,,,,,4.0,1.9,,,,,,,,,1.3,0.8,10.8,0.8,46.4,7.4,24.0,4.4,0.8,0.8,
2001,Palm,Fished,PS4,,,,,10.7,1.2,,,,,,,,,4.0,1.6,4.4,0.8,44.8,5.6,15.2,5.6,1.6,1.0,
2001,Palm,Fished,PS5,,,,,10.0,3.2,,,,,,,,,3.3,1.5,7.0,0.4,56.0,6.1,39.2,8.8,12.0,5.8,
2001,Palm,Fished,PS6,,,,,10.7,7.4,,,,,,,,,2.0,2.0,7.0,0.9,49.6,6.3,21.6,5.0,0.0,0.0,
2001,Palm,NTR 1987,OE1,,,,,35.3,3.6,,,,,,,,,14.7,4.4,13.2,0.6,79.2,5.0,33.6,5.7,0.0,0.0,
2001,Palm,NTR 1987,OE2,,,,,19.3,4.4,,,,,,,,,7.3,2.4,12.7,1.2,71.2,2.9,16.0,5.7,0.8,0.8,
2001,Palm,NTR 1987,OE3,,,,,15.3,3.9,,,,,,,,,9.3,3.9,12.2,0.7,76.0,7.3,25.6,4.7,0.0,0.0,
2001,Palm,NTR 1987,OE4,,,,,16.0,5.4,,,,,,,,,8.0,4.2,11.6,0.6,86.4,1.0,40.8,3.4,3.2,1.5,
2001,Palm,NTR 1987,OE5,,,,,19.3,4.4,,,,,,,,,7.3,1.9,12.3,1.7,60.0,6.1,31.2,7.1,0.0,0.0,
2001,Palm,NTR 1987,OE6,,,,,13.3,2.4,,,,,,,,,5.3,1.7,10.0,1.0,68.8,0.8,44.8,4.6,18.4,2.7,
2001,Palm,NTR 1987,OS1,,,,,12.0,4.5,,,,,,,,,2.7,1.9,15.7,1.0,48.0,7.0,44.8,6.1,1.6,1.0,
2001,Palm,NTR 1987,OS2,,,,,13.3,2.8,,,,,,,,,6.0,1.9,5.8,0.3,41.6,5.5,30.4,3.2,0.0,0.0,
2001,Palm,NTR 1987,OS3,,,,,8.7,1.3,,,,,,,,,5.3,1.3,11.4,0.7,48.0,7.4,24.8,2.0,0.0,0.0,
2001,Palm,NTR 1987,OS4,,,,,8.7,2.3,,,,,,,,,5.3,2.5,14.8,1.5,40.8,7.6,33.6,7.4,0.0,0.0,
2001,Palm,NTR 1987,OS5,,,,,34.7,5.8,,,,,,,,,15.3,3.9,5.3,0.5,62.4,5.3,36.8,2.3,0.0,0.0,
2001,Palm,NTR 1987,OS6,,,,,25.3,11.2,,,,,,,,,4.0,2.7,8.4,1.5,64.0,7.0,4.8,0.8,0.8,0.8,
2001,Whitsunday,Fished,HB1,,,,,12.7,3.7,,,,,,,,,2.7,1.9,11.4,0.8,32.8,5.3,16.8,2.3,42.4,11.2,
2001,Whitsunday,Fished,HB2,,,,,8.0,2.7,,,,,,,,,2.7,1.2,10.3,0.1,46.4,6.3,36.8,5.1,41.6,6.4,
2001,Whitsunday,Fished,HB3,,,,,4.7,2.3,,,,,,,,,0.0,0.0,9.8,0.7,63.2,4.3,33.6,5.3,17.6,5.7,
2001,Whitsunday,Fished,HB4,,,,,10.7,3.2,,,,,,,,,2.0,0.8,12.9,0.5,70.4,6.8,50.4,3.5,0.0,0.0,
2001,Whitsunday,Fished,HB5,,,,,7.3,2.4,,,,,,,,,2.0,1.3,12.6,1.3,86.4,3.0,40.0,7.0,0.0,0.0,
2001,Whitsunday,Fished,HB6,,,,,4.0,1.2,,,,,,,,,1.3,0.8,12.5,2.5,70.4,5.9,50.4,3.7,0.0,0.0,
2001,Whitsunday,Fished,W1,,,,,14.0,4.1,,,,,,,,,4.7,2.5,6.0,0.0,72.0,3.8,48.0,6.7,0.0,0.0,
2001,Whitsunday,Fished,W2,,,,,23.3,3.0,,,,,,,,,10.7,1.9,6.4,0.9,80.0,1.8,40.8,4.1,1.6,1.0,
2001,Whitsunday,Fished,W3,,,,,22.7,6.3,,,,,,,,,3.3,1.8,8.3,0.3,74.4,7.5,36.8,10.2,15.2,8.9,
2001,Whitsunday,Fished,W4,,,,,16.0,3.1,,,,,,,,,5.3,1.3,7.4,0.7,18.4,3.7,7.2,2.0,48.0,8.4,
2001,Whitsunday,Fished,W5,,,,,14.7,7.2,,,,,,,,,6.0,1.9,6.8,0.4,48.0,8.5,44.0,7.7,13.6,4.1,
2001,Whitsunday,Fished,W6,,,,,16.0,4.4,,,,,,,,,6.7,2.1,4.2,0.2,16.0,6.1,7.2,2.3,66.4,4.7,
2001,Whitsunday,NTR 1987,B1,,,,,46.7,28.0,,,,,,,,,17.3,10.3,5.6,0.4,65.6,4.8,43.2,1.5,0.0,0.0,
2001,Whitsunday,NTR 1987,B2,,,,,19.3,7.6,,,,,,,,,13.3,4.6,8.0,0.7,57.6,7.4,40.8,7.1,0.0,0.0,
2001,Whitsunday,NTR 1987,B3,,,,,16.7,4.1,,,,,,,,,12.0,3.7,4.6,0.3,87.2,3.4,54.4,5.5,0.0,0.0,
2001,Whitsunday,NTR 1987,B4,,,,,25.3,15.0,,,,,,,,,7.3,2.4,11.3,2.8,86.4,4.1,68.8,2.7,0.0,0.0,
2001,Whitsunday,NTR 1987,B5,,,,,12.7,1.9,,,,,,,,,4.7,1.7,22.2,1.5,64.0,7.7,52.8,5.9,1.6,1.0,
2001,Whitsunday,NTR 1987,B6,,,,,10.7,2.2,,,,,,,,,6.7,1.8,12.8,2.0,41.6,5.2,26.4,8.2,0.0,0.0,
2001,Whitsunday,NTR 1987,HG1,,,,,18.7,10.6,,,,,,,,,4.0,0.7,12.2,0.6,33.6,3.5,20.0,4.9,37.6,5.2,
2001,Whitsunday,NTR 1987,HG2,,,,,22.0,3.6,,,,,,,,,9.3,1.6,20.8,1.9,64.8,4.1,37.6,3.0,17.6,2.7,
2001,Whitsunday,NTR 1987,HG3,,,,,23.3,6.1,,,,,,,,,15.3,5.0,22.8,1.6,61.6,4.5,35.2,5.4,16.0,3.1,
2001,Whitsunday,NTR 1987,HG4,,,,,18.0,9.1,,,,,,,,,4.7,0.8,17.5,1.3,83.2,2.9,68.8,6.0,6.4,2.0,
2001,Whitsunday,NTR 1987,HG5,,,,,16.7,3.5,,,,,,,,,5.3,1.3,18.3,2.2,55.2,5.9,35.2,3.4,20.8,3.9,
2001,Whitsunday,NTR 1987,HG6,,,,,16.7,4.3,,,,,,,,,8.7,3.1,15.3,0.8,31.2,2.9,18.4,3.7,36.0,5.5,
2002,Keppel,Fished,GK1,,,,,4.0,2.4,,,,,,,,,0.0,0.0,5.8,1.0,17.6,4.1,16.8,3.4,52.0,4.2,
2002,Keppel,Fished,GK2,,,,,6.7,2.4,,,,,,,,,1.3,0.8,7.9,1.0,64.0,3.3,56.8,3.7,0.0,0.0,
2002,Keppel,Fished,GK3,,,,,24.7,7.3,,,,,,,,,14.0,2.4,4.4,0.4,63.2,5.9,63.2,5.9,0.8,0.8,
2002,Keppel,Fished,GK4,,,,,10.7,2.4,,,,,,,,,6.7,2.6,6.5,0.3,55.2,4.1,54.4,4.1,2.4,1.0,
2002,Keppel,Fished,GK7,,,,,10.7,4.3,,,,,,,,,7.3,2.9,7.5,1.0,22.4,7.9,22.4,7.9,0.0,0.0,
2002,Keppel,Fished,GK8,,,,,46.0,12.1,,,,,,,,,26.7,4.8,7.0,0.6,68.0,6.3,68.0,6.3,4.8,2.3,
2002,Keppel,NTR 1987,H1,,,,,47.3,17.0,,,,,,,,,4.0,1.2,12.0,1.3,74.4,3.0,72.8,3.4,0.0,0.0,
2002,Keppel,NTR 1987,H2,,,,,12.0,3.1,,,,,,,,,6.7,3.5,5.8,0.2,76.0,6.3,74.4,6.1,0.0,0.0,
2002,Keppel,NTR 1987,M1,,,,,24.7,5.1,,,,,,,,,14.7,3.4,3.8,0.2,55.2,7.4,55.2,7.4,24.8,6.6,
2002,Keppel,NTR 1987,M2,,,,,24.7,4.8,,,,,,,,,7.3,2.4,1.5,0.4,70.4,10.0,70.4,10.0,0.0,0.0,
2002,Keppel,NTR 1987,M3,,,,,14.7,3.9,,,,,,,,,2.0,0.8,5.6,0.3,80.0,4.6,79.2,5.3,0.0,0.0,
2002,Keppel,NTR 1987,M4,,,,,16.7,3.0,,,,,,,,,3.3,1.8,7.2,0.5,21.6,6.1,21.6,6.1,0.0,0.0,
2002,Palm,Fished,PE1,,,,,62.7,17.7,,,,,,,,,6.7,3.5,10.2,0.4,44.8,7.2,10.4,4.8,0.0,0.0,
2002,Palm,Fished,PE2,,,,,12.7,3.9,,,,,,,,,2.7,2.7,13.0,0.6,65.6,3.2,55.2,4.3,9.6,2.7,
2002,Palm,Fished,PE3,,,,,22.0,5.6,,,,,,,,,3.3,2.1,11.7,1.4,59.2,5.9,42.4,8.2,0.0,0.0,
2002,Palm,Fished,PE4,,,,,14.7,2.5,,,,,,,,,3.3,1.5,10.0,3.1,28.8,7.1,24.8,8.0,0.0,0.0,
2002,Palm,Fished,PE5,,,,,14.7,2.3,,,,,,,,,4.0,1.6,9.7,0.6,28.8,2.9,16.8,4.1,0.0,0.0,
2002,Palm,Fished,PE6,,,,,10.0,2.4,,,,,,,,,3.3,1.5,9.5,0.7,13.6,5.0,6.4,4.5,0.0,0.0,
2002,Palm,Fished,PS1,,,,,14.7,3.9,,,,,,,,,0.7,0.7,18.8,2.1,55.2,6.5,15.2,4.8,0.0,0.0,
2002,Palm,Fished,PS2,,,,,11.3,2.9,,,,,,,,,4.7,1.3,24.0,0.4,40.8,1.5,35.2,2.3,2.4,2.4,
2002,Palm,Fished,PS3,,,,,5.3,1.3,,,,,,,,,1.3,0.8,15.9,1.0,44.0,7.2,31.2,7.4,0.8,0.8,
2002,Palm,Fished,PS4,,,,,8.0,2.3,,,,,,,,,3.3,1.1,6.4,0.6,36.0,10.0,20.8,8.3,0.0,0.0,
2002,Palm,Fished,PS5,,,,,14.7,5.2,,,,,,,,,2.0,1.3,12.2,0.8,56.0,8.9,41.6,10.2,0.0,0.0,
2002,Palm,Fished,PS6,,,,,8.7,2.5,,,,,,,,,1.3,0.8,12.7,0.8,48.8,4.6,24.0,4.9,0.0,0.0,
2002,Palm,NTR 1987,OE1,,,,,26.7,2.1,,,,,,,,,6.7,2.4,12.7,0.6,52.8,5.3,20.8,3.9,0.0,0.0,
2002,Palm,NTR 1987,OE2,,,,,15.3,2.5,,,,,,,,,4.0,1.9,11.9,0.5,69.6,4.7,19.2,4.6,0.0,0.0,
2002,Palm,NTR 1987,OE3,,,,,44.0,5.8,,,,,,,,,19.3,6.4,12.9,1.2,48.8,7.4,25.6,2.7,0.0,0.0,
2002,Palm,NTR 1987,OE4,,,,,24.0,4.1,,,,,,,,,4.7,2.5,13.2,1.2,67.2,5.6,32.0,8.7,0.0,0.0,
2002,Palm,NTR 1987,OE5,,,,,28.0,3.6,,,,,,,,,10.0,2.4,10.1,1.5,46.4,3.0,21.6,5.2,0.0,0.0,
2002,Palm,NTR 1987,OE6,,,,,26.0,3.1,,,,,,,,,8.7,1.3,17.5,1.8,64.0,6.3,44.8,3.4,0.0,0.0,
2002,Palm,NTR 1987,OS1,,,,,41.3,13.2,,,,,,,,,10.7,4.4,19.4,0.8,18.4,1.0,16.0,1.8,0.0,0.0,
2002,Palm,NTR 1987,OS2,,,,,12.7,4.5,,,,,,,,,6.7,3.0,7.1,1.4,26.4,5.5,18.4,3.5,0.0,0.0,
2002,Palm,NTR 1987,OS3,,,,,31.3,10.9,,,,,,,,,14.7,2.7,10.0,1.2,65.6,4.3,28.0,5.4,0.0,0.0,
2002,Palm,NTR 1987,OS4,,,,,12.7,2.2,,,,,,,,,7.3,2.2,11.1,2.5,24.0,3.6,18.4,5.5,0.0,0.0,
2002,Palm,NTR 1987,OS5,,,,,26.0,7.6,,,,,,,,,10.7,3.4,9.8,1.0,44.8,8.3,23.2,4.1,0.0,0.0,
2002,Palm,NTR 1987,OS6,,,,,18.7,3.4,,,,,,,,,5.3,2.3,8.0,2.2,55.2,7.2,19.2,6.9,0.0,0.0,
2002,Whitsunday,Fished,HB1,,,,,16.0,6.4,,,,,,,,,2.7,2.7,17.9,1.9,36.0,9.7,23.2,5.9,47.2,9.6,
2002,Whitsunday,Fished,HB2,,,,,13.3,3.9,,,,,,,,,3.3,1.8,13.9,0.9,46.4,8.1,36.8,7.3,43.2,6.7,
2002,Whitsunday,Fished,HB3,,,,,0.7,0.7,,,,,,,,,0.0,0.0,7.1,0.5,57.6,6.0,36.8,4.3,7.2,1.5,
2002,Whitsunday,Fished,HB4,,,,,8.0,2.0,,,,,,,,,2.0,0.8,6.2,0.5,78.4,6.3,57.6,7.2,0.0,0.0,
2002,Whitsunday,Fished,HB5,,,,,6.7,2.8,,,,,,,,,4.0,2.4,7.8,0.6,72.0,4.2,30.4,7.8,16.0,4.0,
2002,Whitsunday,Fished,HB6,,,,,4.7,1.7,,,,,,,,,1.3,0.8,6.0,0.0,78.4,3.2,60.0,3.3,12.8,3.2,
2002,Whitsunday,Fished,W1,,,,,8.0,1.7,,,,,,,,,2.0,1.3,5.6,0.6,47.2,4.3,32.8,4.1,27.2,5.6,
2002,Whitsunday,Fished,W2,,,,,12.7,3.6,,,,,,,,,6.7,1.1,17.5,1.3,55.2,7.1,36.0,6.3,29.6,4.5,
2002,Whitsunday,Fished,W3,,,,,18.7,4.8,,,,,,,,,8.0,2.5,14.2,1.4,48.8,4.1,26.4,7.0,16.0,4.2,
2002,Whitsunday,Fished,W4,,,,,25.3,6.5,,,,,,,,,14.7,3.9,14.1,0.5,16.8,2.3,9.6,2.4,51.2,3.4,
2002,Whitsunday,Fished,W5,,,,,14.0,4.6,,,,,,,,,2.0,1.3,15.5,0.7,67.2,4.5,59.2,12.0,11.2,4.3,
2002,Whitsunday,Fished,W6,,,,,13.3,2.8,,,,,,,,,4.0,1.2,12.3,1.3,15.2,2.9,8.0,3.3,58.4,3.9,
2002,Whitsunday,NTR 1987,B1,,,,,35.3,18.2,,,,,,,,,9.3,3.2,8.2,0.3,52.0,5.9,26.4,4.8,12.8,3.7,
2002,Whitsunday,NTR 1987,B2,,,,,28.0,9.2,,,,,,,,,20.7,5.5,7.1,0.5,48.0,11.1,35.2,13.3,0.0,0.0,
2002,Whitsunday,NTR 1987,B3,,,,,16.7,2.4,,,,,,,,,5.3,0.8,7.5,0.8,88.0,5.9,77.6,5.5,0.0,0.0,
2002,Whitsunday,NTR 1987,B4,,,,,8.0,2.7,,,,,,,,,4.0,1.2,4.4,0.3,80.0,2.2,57.6,6.3,18.4,2.7,
2002,Whitsunday,NTR 1987,B5,,,,,5.3,1.7,,,,,,,,,3.3,1.1,8.0,0.7,70.4,6.0,65.6,7.0,0.8,0.8,
2002,Whitsunday,NTR 1987,B6,,,,,6.7,1.5,,,,,,,,,4.0,1.9,11.1,0.8,62.4,4.3,40.8,5.0,7.2,2.0,
2002,Whitsunday,NTR 1987,HG1,,,,,11.3,3.3,,,,,,,,,3.3,2.6,12.4,0.6,30.4,6.4,17.6,7.9,24.8,5.4,
2002,Whitsunday,NTR 1987,HG2,,,,,20.7,7.4,,,,,,,,,2.0,1.3,8.3,1.3,45.6,4.3,41.6,5.5,0.0,0.0,
2002,Whitsunday,NTR 1987,HG3,,,,,8.0,2.5,,,,,,,,,4.7,1.3,13.1,0.7,34.4,6.9,24.8,4.3,29.6,5.6,
2002,Whitsunday,NTR 1987,HG4,,,,,8.7,3.7,,,,,,,,,4.0,0.7,11.7,1.8,71.2,3.7,64.0,2.2,12.0,2.5,
2002,Whitsunday,NTR 1987,HG5,,,,,6.0,2.9,,,,,,,,,4.0,1.6,8.7,0.8,62.4,4.1,32.8,3.4,12.0,3.8,
2002,Whitsunday,NTR 1987,HG6,,,,,13.3,5.3,,,,,,,,,1.3,1.3,13.4,0.9,59.2,6.9,38.4,2.4,20.0,3.6,
2003,Palm,Fished,PE1,,,,,37.3,11.4,,,,,,,,,2.0,0.8,3.8,0.2,64.0,6.3,18.4,3.7,0.8,0.8,
2003,Palm,Fished,PE2,,,,,7.3,1.2,,,,,,,,,2.7,1.2,1.5,0.4,74.4,4.1,66.4,3.9,0.0,0.0,
2003,Palm,Fished,PE3,,,,,12.7,3.2,,,,,,,,,0.7,0.7,5.6,0.3,59.2,2.0,38.4,3.0,0.0,0.0,
2003,Palm,Fished,PE4,,,,,8.7,2.5,,,,,,,,,0.7,0.7,7.2,0.5,36.8,2.0,29.6,2.0,2.4,1.6,
2003,Palm,Fished,PE5,,,,,7.3,2.7,,,,,,,,,0.0,0.0,12.0,1.3,24.8,3.9,16.0,3.3,0.0,0.0,
2003,Palm,Fished,PE6,,,,,12.7,2.9,,,,,,,,,3.3,1.5,5.8,0.2,13.6,2.7,5.6,1.6,0.0,0.0,
2003,Palm,Fished,PS1,,,,,21.3,1.7,,,,,,,,,4.7,0.8,5.8,1.0,56.0,1.8,21.6,4.8,0.0,0.0,
2003,Palm,Fished,PS2,,,,,14.7,6.1,,,,,,,,,4.7,2.5,7.9,1.0,43.2,2.3,38.4,2.7,2.4,2.4,
2003,Palm,Fished,PS3,,,,,12.7,1.9,,,,,,,,,3.3,1.1,4.4,0.4,44.0,4.7,24.8,5.3,0.8,0.8,
2003,Palm,Fished,PS4,,,,,17.3,6.6,,,,,,,,,8.7,2.9,6.5,0.3,38.4,4.8,27.2,6.9,0.8,0.8,
2003,Palm,Fished,PS5,,,,,20.0,5.3,,,,,,,,,6.7,2.4,7.5,1.0,48.0,9.2,28.0,6.1,0.8,0.8,
2003,Palm,Fished,PS6,,,,,26.0,3.2,,,,,,,,,19.3,3.7,7.0,0.6,43.2,8.0,22.4,7.4,0.0,0.0,
2003,Palm,NTR 1987,OE1,,,,,28.0,4.8,,,,,,,,,8.7,2.3,6.5,1.0,65.6,3.0,21.6,2.7,0.8,0.8,
2003,Palm,NTR 1987,OE2,,,,,28.0,5.7,,,,,,,,,6.0,1.2,5.4,0.3,74.4,5.0,20.0,2.8,0.0,0.0,
2003,Palm,NTR 1987,OE3,,,,,33.3,10.9,,,,,,,,,13.3,4.2,9.0,0.0,72.8,3.9,19.2,2.7,0.0,0.0,
2003,Palm,NTR 1987,OE4,,,,,28.7,5.2,,,,,,,,,7.3,2.4,7.1,0.6,72.8,4.6,31.2,2.7,2.4,1.6,
2003,Palm,NTR 1987,OE5,,,,,20.0,4.3,,,,,,,,,6.7,1.8,11.7,2.4,47.2,5.1,18.4,4.5,0.0,0.0,
2003,Palm,NTR 1987,OE6,,,,,5.3,2.3,,,,,,,,,0.7,0.7,5.3,0.6,75.2,2.7,44.0,3.8,0.0,0.0,
2003,Palm,NTR 1987,OS1,,,,,51.3,9.0,,,,,,,,,16.0,3.6,8.9,0.1,42.4,3.7,40.0,4.6,0.0,0.0,
2003,Palm,NTR 1987,OS2,,,,,21.3,2.7,,,,,,,,,8.0,2.0,4.8,0.5,28.0,3.6,17.6,2.7,1.6,1.0,
2003,Palm,NTR 1987,OS3,,,,,33.3,10.7,,,,,,,,,12.0,2.7,6.8,0.6,52.0,5.2,20.0,2.5,0.0,0.0,
2003,Palm,NTR 1987,OS4,,,,,26.0,8.1,,,,,,,,,15.3,6.5,6.4,0.2,38.4,3.9,30.4,4.3,0.0,0.0,
2003,Palm,NTR 1987,OS5,,,,,55.3,11.3,,,,,,,,,24.0,8.4,7.6,0.5,52.0,6.6,24.0,3.1,0.0,0.0,
2003,Palm,NTR 1987,OS6,,,,,31.3,1.3,,,,,,,,,10.0,1.5,5.3,0.4,64.0,5.7,18.4,6.0,0.0,0.0,
2003,Whitsunday,Fished,HB1,,,,,12.7,3.7,,,,,,,,,2.0,1.3,9.6,0.8,30.4,9.6,16.8,6.5,22.4,11.5,
2003,Whitsunday,Fished,HB2,,,,,14.7,4.5,,,,,,,,,2.0,0.8,7.9,0.3,52.0,2.2,43.2,2.9,43.2,1.5,
2003,Whitsunday,Fished,HB3,,,,,10.0,3.2,,,,,,,,,4.7,2.0,9.6,1.1,60.0,3.8,36.0,5.4,6.4,3.7,
2003,Whitsunday,Fished,HB4,,,,,21.3,4.8,,,,,,,,,6.7,2.4,8.4,0.6,72.0,3.8,52.0,3.3,4.8,2.3,
2003,Whitsunday,Fished,HB5,,,,,8.0,2.9,,,,,,,,,4.7,3.1,6.9,0.4,75.2,5.4,39.2,9.2,10.4,3.0,
2003,Whitsunday,Fished,HE1,,,,,9.3,1.9,,,,,,,,,9.3,1.9,11.7,0.7,168.0,6.8,150.4,13.1,0.8,0.8,
2003,Whitsunday,Fished,HE2,,,,,7.3,1.6,,,,,,,,,7.3,1.6,18.5,0.3,143.2,12.1,122.4,12.9,0.0,0.0,
2003,Whitsunday,Fished,HE3,,,,,6.7,1.5,,,,,,,,,6.7,1.5,11.9,1.1,158.4,4.1,111.2,6.4,0.0,0.0,
2003,Whitsunday,Fished,W1,,,,,12.0,2.3,,,,,,,,,2.0,1.3,15.5,1.5,60.0,2.2,39.2,3.9,0.0,0.0,
2003,Whitsunday,Fished,W2,,,,,15.3,1.7,,,,,,,,,7.3,3.2,11.4,0.7,55.2,5.9,32.0,2.8,0.0,0.0,
2003,Whitsunday,Fished,W3,,,,,16.0,3.2,,,,,,,,,2.0,1.3,13.1,0.5,36.0,8.7,14.4,5.9,25.6,9.9,
2003,Whitsunday,Fished,W4,,,,,29.3,3.2,,,,,,,,,12.0,2.5,11.3,0.7,29.6,5.3,17.6,3.5,43.2,5.9,
2003,Whitsunday,Fished,W5,,,,,36.7,11.0,,,,,,,,,18.7,4.3,13.6,0.6,61.6,4.1,60.0,5.2,8.8,4.1,
2003,Whitsunday,Fished,W6,,,,,32.7,8.1,,,,,,,,,9.3,1.6,8.6,1.2,16.0,4.2,14.4,3.5,67.2,2.3,
2003,Whitsunday,NTR 1987,B1,,,,,26.7,4.9,,,,,,,,,16.0,6.2,13.8,0.5,72.8,6.6,36.8,5.0,0.0,0.0,
2003,Whitsunday,NTR 1987,B2,,,,,16.0,5.0,,,,,,,,,12.0,2.9,11.0,0.7,81.6,4.5,51.2,6.5,2.4,1.6,
2003,Whitsunday,NTR 1987,B3,,,,,18.0,4.3,,,,,,,,,12.7,3.2,12.0,0.6,87.2,4.8,67.2,5.6,4.8,2.0,
2003,Whitsunday,NTR 1987,B4,,,,,19.3,8.3,,,,,,,,,14.0,6.4,13.8,1.3,72.8,3.4,50.4,10.4,0.0,0.0,
2003,Whitsunday,NTR 1987,B5,,,,,10.0,2.4,,,,,,,,,5.3,1.3,16.7,1.8,65.6,3.7,50.4,7.2,0.0,0.0,
2003,Whitsunday,NTR 1987,B6,,,,,36.7,22.8,,,,,,,,,12.0,2.3,6.8,0.3,43.2,7.0,25.6,6.6,16.8,10.9,
2003,Whitsunday,NTR 1987,HG1,,,,,31.3,9.9,,,,,,,,,7.3,2.9,8.5,0.3,63.2,6.0,30.4,2.0,8.8,2.7,
2003,Whitsunday,NTR 1987,HG2,,,,,16.0,4.5,,,,,,,,,6.7,2.1,17.2,1.9,57.6,6.1,29.6,6.4,0.0,0.0,
2003,Whitsunday,NTR 1987,HG3,,,,,16.7,4.9,,,,,,,,,8.0,2.0,14.7,1.0,50.4,7.8,27.2,9.6,0.0,0.0,
2003,Whitsunday,NTR 1987,HG4,,,,,20.7,2.9,,,,,,,,,10.0,2.1,11.2,0.8,58.4,2.7,48.0,3.6,5.6,1.6,
2003,Whitsunday,NTR 1987,HG5,,,,,30.7,13.6,,,,,,,,,5.3,1.3,3.9,0.6,54.4,4.3,34.4,7.4,0.0,0.0,
2003,Whitsunday,NTR 1987,HG6,,,,,12.0,3.4,,,,,,,,,6.0,2.2,8.3,0.6,48.0,4.9,31.2,5.6,16.0,3.3,
2003,Whitsunday,Fished,DB1,,,,,1.3,0.8,,,,,,,,,1.3,0.8,4.6,0.3,136.0,21.0,51.2,9.0,0.8,0.8,
2003,Whitsunday,Fished,DB2,,,,,7.3,1.2,,,,,,,,,7.3,1.2,9.5,3.0,147.2,9.8,99.2,7.9,0.0,0.0,
2003,Whitsunday,Fished,HB6,,,,,10.0,1.5,,,,,,,,,3.3,1.1,9.8,0.7,67.2,5.0,45.6,4.5,0.8,0.8,
2004,Keppel,Fished,GK1,,,,,31.3,9.5,,,,,,,,,4.7,3.9,5.8,1.0,64.8,9.1,63.2,9.7,0.8,0.8,
2004,Keppel,Fished,GK2,,,,,38.7,8.1,,,,,,,,,10.0,4.5,7.9,1.0,75.2,6.1,61.6,7.0,0.0,0.0,
2004,Keppel,Fished,GK3,,,,,23.3,3.3,,,,,,,,,14.7,3.1,4.4,0.4,84.8,4.5,84.0,4.4,0.0,0.0,
2004,Keppel,Fished,GK4,,,,,16.0,1.6,,,,,,,,,4.0,1.9,6.5,0.3,63.2,5.0,61.6,6.5,0.0,0.0,
2004,Keppel,Fished,GK7,,,,,42.7,7.8,,,,,,,,,22.7,3.1,3.8,0.2,77.6,5.2,76.8,5.4,0.0,0.0,
2004,Keppel,Fished,GK8,,,,,12.0,5.6,,,,,,,,,2.7,1.9,1.5,0.4,73.6,3.2,68.0,3.3,0.0,0.0,
2004,Keppel,Fished,H3,,,,,58.0,5.6,,,,,,,,,32.7,1.6,7.2,0.5,80.0,4.9,78.4,5.2,0.8,0.8,
2004,Keppel,Fished,MI1,,,,,24.7,6.1,,,,,,,,,11.3,3.4,12.0,1.3,70.4,6.0,64.0,6.7,1.6,1.6,
2004,Keppel,Fished,MI2,,,,,26.0,2.7,,,,,,,,,12.7,2.7,5.8,0.2,72.0,4.6,44.8,9.7,0.0,0.0,
2004,Keppel,Fished,NK3,,,,,18.0,3.1,,,,,,,,,17.3,2.9,8.9,0.1,36.8,14.4,30.4,11.3,0.0,0.0,
2004,Keppel,NTR 1987,H1,,,,,34.7,9.4,,,,,,,,,18.0,6.5,6.8,0.6,74.4,3.2,74.4,3.2,0.0,0.0,
2004,Keppel,NTR 1987,H2,,,,,62.0,4.8,,,,,,,,,32.0,4.0,6.4,0.2,74.4,3.7,70.4,4.8,0.0,0.0,
2004,Keppel,NTR 1987,M1,,,,,29.3,5.6,,,,,,,,,13.3,3.0,7.6,0.5,72.8,4.5,72.8,4.5,0.0,0.0,
2004,Keppel,NTR 1987,M2,,,,,36.0,4.1,,,,,,,,,12.0,3.1,5.3,0.4,73.6,3.7,73.6,3.7,0.0,0.0,
2004,Keppel,NTR 1987,M3,,,,,30.0,5.6,,,,,,,,,13.3,2.4,6.5,1.0,81.6,5.2,77.6,5.5,0.0,0.0,
2004,Keppel,NTR 1987,M4,,,,,29.3,5.0,,,,,,,,,16.7,2.4,5.4,0.3,59.2,6.7,59.2,6.7,0.0,0.0,
2004,Keppel,Fished,GK5,,,,,66.0,6.8,,,,,,,,,41.3,2.9,7.5,1.0,64.0,4.2,64.0,4.2,3.2,1.5,
2004,Keppel,Fished,GK6,,,,,70.0,5.5,,,,,,,,,52.0,2.7,7.0,0.6,76.8,11.4,72.8,11.7,0.0,0.0,
2004,Keppel,Fished,GK9,,,,,14.0,3.2,,,,,,,,,6.0,1.2,5.6,0.3,73.6,14.0,73.6,14.0,0.0,0.0,
2004,Keppel,Fished,NK1,,,,,16.0,1.9,,,,,,,,,12.7,2.4,9.0,0.0,36.0,3.3,36.0,3.3,0.8,0.8,
2004,Whitsunday,Fished,BL1,,,,,36.0,15.0,,,,,,,,,6.7,2.1,19.0,1.4,85.6,5.3,40.0,7.7,0.0,0.0,
2004,Whitsunday,Fished,BL2,,,,,16.7,5.1,,,,,,,,,8.0,4.3,11.2,0.3,68.8,4.8,39.2,6.6,0.0,0.0,
2004,Whitsunday,Fished,HB7,,,,,17.3,8.9,,,,,,,,,8.7,4.0,14.3,0.9,80.8,5.1,64.0,8.3,0.0,0.0,
2004,Whitsunday,Fished,HW1,,,,,6.7,2.8,,,,,,,,,3.3,1.1,25.0,0.0,56.8,3.2,42.4,3.9,0.0,0.0,
2004,Whitsunday,Fished,HW2,,,,,10.0,1.8,,,,,,,,,2.0,0.8,16.0,0.9,59.2,3.7,55.2,2.7,0.0,0.0,
2004,Whitsunday,Fished,HW3,,,,,11.3,3.1,,,,,,,,,7.3,3.2,7.4,1.1,68.0,6.2,55.2,6.9,0.0,0.0,
2004,Whitsunday,Fished,HY1,,,,,8.7,2.0,,,,,,,,,4.7,1.3,10.7,2.2,73.6,3.2,57.6,4.7,0.0,0.0,
2004,Whitsunday,Fished,HY2,,,,,12.0,1.7,,,,,,,,,3.3,1.8,25.0,0.0,63.2,5.9,24.8,3.9,0.0,0.0,
2004,Whitsunday,Fished,HY3,,,,,30.0,6.5,,,,,,,,,6.0,1.9,14.4,2.5,73.6,3.9,52.0,7.3,0.8,0.8,
2004,Whitsunday,Fished,L1,,,,,8.7,3.9,,,,,,,,,5.3,2.7,8.9,0.4,70.4,8.3,37.6,7.0,0.0,0.0,
2004,Whitsunday,Fished,W7,,,,,19.3,5.1,,,,,,,,,7.3,2.7,13.4,1.7,63.2,6.0,47.2,4.6,0.8,0.8,
2004,Whitsunday,Fished,W8,,,,,15.3,3.3,,,,,,,,,4.7,1.7,11.7,0.9,66.4,3.5,42.4,6.0,0.8,0.8,
2004,Magnetic,Fished,AW1,217.3,43.3,14.6,1.4,13.3,1.5,18.0,7.4,22.0,3.1,0.0,0.0,8.0,5.8,2.7,1.9,11.1,1.1,46.4,4.7,46.4,4.7,14.4,2.7,
2004,Magnetic,Fished,AW2,398.0,60.2,16.4,1.3,20.7,3.1,28.0,17.7,44.0,4.6,0.0,0.0,2.0,2.0,6.7,1.5,5.6,0.3,46.4,6.3,46.4,6.3,8.8,3.2,
2004,Magnetic,Fished,FB1,303.3,70.8,16.4,1.8,10.7,2.9,23.3,8.4,7.3,1.9,0.0,0.0,14.0,9.8,2.0,1.3,4.8,0.3,42.4,5.2,42.4,5.2,10.4,1.6,
2004,Magnetic,Fished,GOW1,282.7,94.9,13.2,1.9,6.7,0.0,47.3,12.8,10.0,2.8,0.0,0.0,12.0,8.0,0.0,0.0,5.2,0.8,42.4,4.8,41.6,4.5,5.6,2.7,
2004,Magnetic,Fished,NB1,261.3,35.6,15.0,1.2,12.0,4.3,16.7,6.0,28.7,2.7,0.0,0.0,6.0,4.0,2.0,1.3,4.8,0.5,36.0,6.7,34.4,6.0,12.0,4.2,
2004,Magnetic,Fished,WC1,336.7,51.0,19.6,1.3,16.0,7.0,42.0,16.8,33.3,1.5,0.0,0.0,20.0,10.5,6.7,5.1,10.2,0.9,40.8,4.5,40.0,3.8,15.2,4.6,
2004,Magnetic,NTR 1987,GB1,215.3,31.6,16.6,3.4,14.7,3.1,26.7,5.7,11.3,1.3,0.0,0.0,12.0,7.3,6.7,1.8,7.4,0.6,40.0,7.3,36.8,5.4,20.0,2.2,
2004,Magnetic,NTR 1987,GB2,258.7,69.9,14.0,2.8,15.3,3.1,11.3,3.4,19.3,5.5,0.0,0.0,16.0,6.8,3.3,1.8,8.5,0.4,31.2,10.3,30.4,9.8,18.4,3.2,
2004,Palm,Fished,C4,2326.6,271.8,34.0,2.8,10.0,3.5,178.6,11.7,23.3,6.2,20.0,13.8,104.0,11.2,4.7,0.8,7.0,0.6,69.6,3.5,35.2,3.7,0.8,0.8,
2004,Palm,Fished,C5,1230.0,85.1,24.0,2.4,4.7,3.3,66.0,30.8,14.0,2.2,146.0,69.0,80.0,21.2,4.7,3.3,7.2,0.6,64.0,5.2,8.0,2.2,0.0,0.0,
2004,Palm,Fished,C6,1450.0,263.4,24.2,0.7,8.7,2.7,74.0,16.9,18.0,3.1,94.0,63.7,44.0,11.7,8.7,2.7,13.3,0.8,62.4,6.0,20.8,4.1,0.0,0.0,
2004,Palm,Fished,C1,2608.0,225.6,33.6,1.7,14.0,4.6,28.0,7.0,25.3,7.0,0.0,0.0,52.0,7.3,6.0,3.1,14.1,1.0,80.0,2.8,46.4,4.8,0.0,0.0,
2004,Palm,Fished,C2,1944.0,185.2,28.0,1.3,6.0,1.2,27.3,6.1,31.3,5.6,60.0,40.0,168.0,34.3,6.0,1.2,10.3,0.6,39.2,3.4,14.4,3.2,0.0,0.0,
2004,Palm,Fished,C3,4094.0,186.7,31.6,1.8,11.3,1.3,31.3,6.0,10.0,1.8,76.0,36.4,98.0,31.5,6.0,1.6,12.8,2.0,83.2,3.2,61.6,4.5,0.8,0.8,
2006,Keppel,Fished,GK1,5114.0,1779.3,32.0,3.5,21.3,5.2,40.7,16.1,62.0,4.9,3832.0,1945.2,184.0,34.0,4.7,2.3,5.7,0.5,48.8,6.4,42.4,5.5,9.2,2.4,
2006,Keppel,Fished,GK2,6218.6,1119.8,24.6,4.0,12.0,3.9,74.7,45.7,57.3,5.4,5276.0,1138.8,286.0,14.7,1.3,1.3,10.5,0.5,69.2,4.8,61.2,6.1,1.6,0.7,
2006,Keppel,Fished,GK3,3160.0,1792.4,20.8,2.0,13.3,1.8,32.7,4.6,14.0,3.4,2422.0,1692.7,152.0,35.6,8.0,1.7,6.0,0.0,71.6,1.6,71.2,1.9,13.2,3.0,
2006,Keppel,Fished,GK4,10409.3,2903.7,25.8,2.3,23.3,6.4,10.7,4.6,32.7,6.6,9476.0,2827.1,128.0,21.8,9.3,2.9,8.2,0.7,63.6,4.1,58.8,4.8,4.0,1.7,
2006,Keppel,Fished,GK7,13262.0,3890.2,23.4,2.7,17.3,3.1,80.7,51.0,23.3,3.0,12094.0,3851.4,232.0,32.0,11.3,3.1,5.7,0.9,50.4,4.4,47.6,4.7,10.0,3.4,
2006,Keppel,Fished,GK8,894.7,162.3,18.8,1.2,14.7,2.7,104.0,59.4,6.0,1.9,12.0,3.7,166.0,43.9,6.7,3.0,4.2,0.5,12.4,4.0,10.8,3.8,45.2,2.9,
2006,Keppel,Fished,H3,56358.6,20629.1,25.8,1.2,35.3,6.5,64.7,35.9,16.7,6.0,55112.0,20708.5,110.0,20.0,16.7,3.7,6.4,1.2,52.8,8.5,52.4,8.5,17.2,5.8,
2006,Keppel,Fished,MI1,1614.7,570.1,21.6,3.4,11.3,4.3,23.3,12.5,46.7,13.3,816.0,494.2,80.0,12.2,6.7,2.4,5.4,0.3,77.6,7.7,72.0,11.0,0.8,0.5,
2006,Keppel,Fished,MI2,17606.7,5066.7,19.4,1.7,6.7,2.4,5.3,1.3,22.0,5.1,16942.0,5067.4,142.0,26.3,4.7,2.3,7.8,0.5,80.4,4.3,56.4,11.3,2.0,1.3,
2006,Keppel,Fished,NK3,3991.3,560.9,17.8,2.2,20.7,3.1,15.3,4.3,9.3,4.5,2324.0,487.2,762.0,75.0,18.0,2.7,3.6,0.9,26.8,10.2,26.8,10.2,35.6,13.3,
2006,Keppel,NTR 1987,H1,7602.6,2054.2,29.0,1.5,59.3,17.0,42.7,9.4,84.0,7.6,6582.0,1999.2,30.0,15.5,21.3,2.7,8.0,1.0,50.8,7.2,45.2,8.3,1.6,0.7,
2006,Keppel,NTR 1987,H2,13668.0,2559.9,23.0,1.1,35.3,4.2,30.0,8.4,37.3,8.3,12836.0,2556.5,212.0,22.7,21.3,3.7,11.6,0.7,77.6,4.0,76.4,3.5,2.4,0.7,
2006,Keppel,NTR 1987,M1,5234.7,922.3,25.0,0.6,12.7,3.7,14.7,5.3,14.7,2.7,3890.0,900.2,294.0,70.3,7.3,2.9,5.1,0.2,41.6,2.7,41.6,2.7,38.4,3.1,
2006,Keppel,NTR 1987,M2,4667.3,725.0,24.4,1.6,15.3,4.5,7.3,4.3,22.0,3.1,3616.0,694.4,230.0,23.7,5.3,2.3,6.1,0.1,24.4,3.4,24.4,3.4,54.4,3.2,
2006,Keppel,NTR 1987,M3,947.3,77.2,17.6,1.4,12.7,1.9,3.3,1.8,29.3,2.9,16.0,6.8,130.0,21.9,8.0,3.4,4.4,0.4,69.6,8.1,69.6,8.1,15.6,6.6,
2006,Keppel,NTR 1987,M4,6722.6,1242.9,23.0,2.2,20.0,6.9,24.7,11.0,57.3,11.2,5706.0,1248.5,144.0,22.3,10.0,2.4,4.5,0.2,78.8,5.5,78.8,5.5,1.2,0.8,
2006,Keppel,NTR 2004,GK5,19508.6,3366.1,24.2,2.2,42.0,7.4,56.0,24.4,26.0,10.0,17688.0,3429.4,282.0,24.6,32.0,6.9,6.5,0.9,19.2,5.4,19.2,5.4,67.6,6.7,
2006,Keppel,NTR 2004,GK6,6964.7,2054.0,26.0,0.0,58.7,9.8,20.0,4.1,21.3,4.8,5956.0,2116.9,310.0,33.3,36.7,3.7,7.9,0.7,50.8,11.6,50.8,11.6,33.2,11.3,
2006,Keppel,NTR 2004,GK9,3464.0,618.0,21.4,1.1,5.3,1.7,8.0,2.5,11.3,1.7,2126.0,630.8,426.0,51.3,2.0,1.3,5.1,0.5,44.8,7.0,44.8,7.0,46.4,7.3,
2006,Keppel,NTR 2004,NK1,3805.3,815.6,13.8,1.3,18.0,3.1,3.3,2.1,14.7,6.0,2192.0,829.2,1050.0,39.6,17.3,3.1,2.2,0.2,14.0,4.9,13.6,4.7,65.2,2.1,
2006,Palm,Fished,C4,2290.6,261.4,41.6,2.7,31.3,4.8,96.7,29.1,8.0,2.0,14.0,14.0,262.0,44.7,5.3,0.8,23.5,1.1,62.0,2.3,17.6,4.7,0.0,0.0,
2006,Palm,Fished,C5,1838.0,367.6,30.6,1.8,19.3,3.2,87.3,25.7,2.7,1.6,156.0,78.3,114.0,38.0,8.7,2.7,11.7,1.1,70.4,6.5,6.8,1.0,0.0,0.0,
2006,Palm,Fished,C6,1610.7,206.4,23.6,1.3,14.0,2.4,26.7,3.2,8.0,3.4,70.0,40.5,102.0,34.7,6.0,1.2,13.3,0.5,52.4,4.6,8.4,1.5,0.0,0.0,
2006,Palm,NTR 2004,C1,2433.3,233.0,32.4,1.9,25.3,4.8,44.0,11.4,24.7,3.3,8.0,8.0,68.0,36.1,10.7,3.4,18.8,2.1,54.8,4.8,21.6,2.2,0.0,0.0,
2006,Palm,NTR 2004,C2,2955.3,263.4,32.2,2.1,22.7,3.4,19.3,5.5,9.3,3.2,70.0,41.7,264.0,39.4,12.0,2.0,24.0,0.4,67.6,2.4,18.4,3.2,0.0,0.0,
2006,Palm,NTR 2004,C3,3063.3,505.1,31.4,1.4,17.3,3.6,16.7,3.5,10.0,1.8,508.0,413.2,114.0,33.6,9.3,2.9,15.9,1.0,44.0,2.8,25.6,3.3,0.4,0.4,
2006,Whitsunday,Fished,HB7,4531.3,1140.7,38.8,1.1,22.0,11.5,48.7,7.9,14.7,2.7,868.0,460.6,204.0,15.0,7.3,3.4,10.5,0.9,73.2,2.0,46.4,3.5,0.0,0.0,
2006,Whitsunday,Fished,HE1,3473.3,452.1,38.4,1.4,11.3,1.7,76.7,19.7,38.0,6.2,250.0,64.5,218.0,41.2,3.3,1.8,17.4,1.0,84.0,3.4,75.2,6.5,0.4,0.4,
2006,Whitsunday,Fished,HE2,2124.6,208.8,34.4,2.6,14.7,7.1,352.6,36.0,39.3,7.5,100.0,32.9,130.0,18.4,1.3,0.8,14.9,2.3,71.6,6.0,61.2,6.5,0.0,0.0,
2006,Whitsunday,Fished,HE3,3864.0,449.6,43.2,2.0,14.0,2.9,107.3,42.6,51.3,8.7,308.0,68.5,116.0,20.1,8.7,1.7,9.4,2.3,79.2,2.1,55.6,3.2,0.0,0.0,
2006,Whitsunday,Fished,HY1,1844.7,285.0,27.4,1.3,26.7,18.4,34.0,6.4,33.3,2.1,24.0,16.0,66.0,30.6,2.0,1.3,12.4,0.9,66.4,3.4,49.2,4.6,0.0,0.0,
2006,Whitsunday,Fished,HY2,2659.3,607.5,35.0,1.0,13.3,4.8,29.3,6.9,48.0,18.0,192.0,131.5,246.0,150.2,2.0,1.3,13.4,0.6,88.4,3.0,37.6,6.8,0.0,0.0,
2006,Whitsunday,Fished,HY3,3549.3,282.2,42.8,1.4,32.7,8.1,50.0,7.5,21.3,3.7,330.0,139.9,306.0,53.6,12.0,3.4,10.6,2.3,64.4,4.7,35.2,5.1,0.0,0.0,
2006,Whitsunday,Fished,W8,2091.3,154.9,34.0,1.3,22.0,5.0,144.7,40.6,26.7,1.8,62.0,50.4,240.0,42.9,5.3,1.3,16.5,1.7,56.0,3.6,36.4,0.7,0.0,0.0,
2006,Whitsunday,Fished,W9,2526.6,207.6,35.2,1.9,50.7,10.0,66.0,19.0,30.0,4.3,52.0,28.2,234.0,38.8,10.7,2.4,9.0,0.7,70.4,4.4,53.2,6.2,0.0,0.0,
2006,Whitsunday,NTR 2004,BL1,2895.3,383.3,37.8,2.1,60.0,19.5,66.7,11.4,12.7,2.7,412.0,244.7,370.0,93.4,8.0,1.7,17.2,1.4,78.0,1.4,23.6,2.2,0.0,0.0,
2006,Whitsunday,NTR 2004,BL2,2486.6,308.8,36.6,2.2,38.0,6.5,46.0,8.4,32.7,2.7,496.0,213.8,294.0,55.6,18.0,4.2,11.2,0.9,74.0,5.8,42.0,3.0,0.0,0.0,
2006,Whitsunday,NTR 2004,DB1,4335.9,359.1,39.6,1.3,27.3,3.4,72.0,11.2,26.0,3.9,404.0,149.7,380.0,83.0,12.7,3.6,15.7,0.7,68.0,10.5,25.6,4.5,0.4,0.4,
2006,Whitsunday,NTR 2004,DB2,5747.3,1270.3,40.2,1.0,56.7,12.3,53.3,11.0,26.0,5.2,962.0,505.6,822.0,169.2,28.7,4.4,10.6,2.0,73.6,4.9,49.6,4.0,0.0,0.0,
2006,Whitsunday,NTR 2004,HG7,3826.0,374.7,40.0,1.3,8.7,2.7,91.3,8.8,52.0,9.9,408.0,36.2,180.0,40.4,3.3,0.0,15.5,0.8,74.4,5.6,58.8,4.0,0.0,0.0,
2006,Whitsunday,NTR 2004,HW1,4572.6,485.7,37.6,1.1,10.7,2.2,119.3,26.9,21.3,4.8,518.0,227.7,140.0,15.8,6.0,2.2,19.1,2.2,68.8,3.5,46.8,5.0,0.0,0.0,
2006,Whitsunday,NTR 2004,HW2,2270.0,90.8,34.4,1.8,7.3,1.9,124.7,69.0,19.3,5.4,214.0,124.6,270.0,44.9,2.0,1.3,9.8,2.0,60.0,3.8,52.4,4.5,0.0,0.0,
2006,Whitsunday,NTR 2004,HW3,2816.0,144.8,33.8,0.7,6.7,3.0,62.0,13.4,16.0,2.4,66.0,38.9,222.0,46.6,0.0,0.0,16.2,1.2,68.4,3.9,51.2,5.6,0.0,0.0,
2006,Whitsunday,NTR 2004,L1,1401.3,303.6,25.6,1.2,10.7,3.1,46.0,4.1,10.0,1.5,0.0,0.0,98.0,33.5,2.7,1.6,19.6,1.2,67.6,5.9,37.6,6.4,0.0,0.0,
2007,Keppel,Fished,GK1,11381.9,5253.3,35.2,2.4,21.3,5.7,72.7,23.2,77.3,2.9,8988.0,5502.0,304.0,30.8,6.0,1.9,7.0,0.9,60.0,10.3,56.4,11.4,2.4,1.2,
2007,Keppel,Fished,GK2,10806.0,1488.1,29.4,3.4,16.0,4.5,48.0,18.9,108.0,11.1,9680.0,1571.5,252.0,34.6,4.0,2.4,8.1,1.3,78.8,4.5,68.8,7.2,0.4,0.4,
2007,Keppel,Fished,GK3,8401.3,1978.4,27.6,1.5,32.0,7.1,36.7,10.5,42.0,8.3,7360.0,2025.7,220.0,56.5,17.3,4.1,6.0,0.0,77.6,1.3,77.6,1.3,9.6,3.2,
2007,Keppel,Fished,GK4,17230.6,4881.8,26.4,2.7,16.0,2.7,26.7,9.8,63.3,17.4,15840.0,4948.5,352.0,88.9,7.3,3.7,7.2,0.3,77.6,3.3,75.6,3.5,4.4,1.7,
2007,Keppel,Fished,GK7,13891.3,5214.3,29.2,3.2,27.3,7.3,100.0,33.8,55.3,11.1,12210.0,5284.3,224.0,33.9,10.7,3.1,5.9,0.1,57.2,2.9,55.6,3.5,3.6,2.2,
2007,Keppel,Fished,GK8,1344.0,318.0,17.8,2.6,6.7,1.5,212.6,143.5,16.0,9.6,240.0,191.3,474.0,71.6,3.3,1.8,5.9,0.5,13.6,8.9,13.6,8.9,4.0,3.0,
2007,Keppel,Fished,H3,47528.0,8366.4,33.2,1.1,38.7,5.3,36.0,4.3,31.3,4.8,45998.0,8380.5,142.0,14.6,19.3,2.2,6.6,1.1,57.2,2.9,57.2,2.9,29.2,6.5,
2007,Keppel,Fished,MI1,7122.6,3388.2,25.8,4.4,17.3,5.2,26.7,21.7,73.3,10.2,6144.0,3356.2,164.0,30.1,6.7,2.4,7.1,0.8,80.0,6.5,76.0,8.9,0.8,0.8,
2007,Keppel,Fished,MI2,18233.3,5153.1,29.2,2.8,23.3,3.5,26.0,9.5,97.3,13.3,17156.0,5169.5,206.0,34.4,12.7,2.7,8.5,0.5,73.2,5.9,46.0,11.4,6.0,2.4,
2007,Keppel,Fished,NK3,4252.0,631.4,26.0,3.7,32.7,5.7,49.3,14.7,45.3,14.0,2444.0,567.8,586.0,78.7,25.3,5.4,4.6,0.4,24.4,8.7,24.4,8.7,46.4,8.4,
2007,Keppel,NTR 1987,H1,2764.0,838.9,32.0,2.5,54.0,10.4,74.7,26.3,54.0,7.1,1800.0,745.7,166.0,41.7,24.7,5.7,8.4,0.4,62.0,4.2,59.2,5.0,8.4,1.5,
2007,Keppel,NTR 1987,H2,45934.6,7743.9,30.2,1.5,56.7,7.5,42.7,8.3,118.0,3.4,44940.0,7766.2,160.0,12.6,28.0,4.5,6.0,0.0,76.4,2.6,72.4,3.7,2.8,0.8,
2007,Keppel,NTR 1987,M1,9626.7,4045.6,26.4,2.1,18.7,2.3,8.0,2.7,54.7,26.0,7272.0,4033.1,830.0,7.7,11.3,3.1,6.4,0.9,46.0,6.4,46.0,6.4,44.4,4.7,
2007,Keppel,NTR 1987,M2,4670.6,1348.6,26.8,1.1,28.0,5.3,32.0,11.5,22.7,5.1,3360.0,1317.4,242.0,15.3,14.7,3.4,8.3,0.3,36.0,3.8,36.0,3.8,54.4,3.5,
2007,Keppel,NTR 1987,M3,12058.6,4540.4,28.0,4.5,32.0,11.0,12.7,4.6,54.0,11.7,10682.0,4482.1,310.0,41.8,7.3,3.4,7.4,0.7,60.4,6.2,60.0,6.4,23.2,7.9,
2007,Keppel,NTR 1987,M4,20433.3,5476.2,32.2,2.9,35.3,7.9,299.3,145.1,94.0,5.5,18400.0,5123.6,144.0,41.3,17.3,2.9,6.8,0.4,72.8,9.8,72.8,9.8,1.2,1.2,
2007,Keppel,NTR 2004,GK5,9820.0,1198.6,30.6,2.8,54.7,5.3,16.0,4.9,29.3,10.1,8020.0,1408.3,330.0,56.0,38.0,5.0,8.5,0.1,31.6,3.4,30.8,2.7,54.4,4.9,
2007,Keppel,NTR 2004,GK6,6122.7,957.4,19.6,1.4,46.7,7.0,2.0,1.3,24.7,5.3,4880.0,955.2,562.0,90.5,29.3,6.3,6.8,0.5,27.2,6.6,27.2,6.6,63.2,2.6,
2007,Keppel,NTR 2004,GK9,2406.7,916.2,20.8,1.3,14.7,2.9,3.3,1.8,12.0,3.1,910.0,897.5,702.0,123.7,9.3,2.4,5.0,0.4,33.2,7.9,33.2,7.9,57.2,6.9,
2007,Keppel,NTR 2004,NK1,9014.7,2664.1,17.0,0.6,23.3,2.8,20.0,14.3,17.3,12.4,7724.0,2615.0,648.0,80.3,23.3,2.8,4.2,0.2,11.6,4.3,11.6,4.3,75.6,2.9,
2007,Magnetic,Fished,AW1,440.6,72.2,21.6,2.0,29.3,6.2,28.0,6.4,42.0,9.0,2.0,2.0,158.0,39.8,8.0,3.1,9.4,1.0,40.4,5.4,38.0,6.4,8.0,4.2,
2007,Magnetic,Fished,AW2,628.0,78.8,25.6,2.5,28.7,3.6,72.0,27.6,54.0,8.5,0.0,0.0,212.0,34.0,8.0,1.7,4.5,0.6,44.8,3.8,44.4,3.9,13.6,3.4,
2007,Magnetic,Fished,NB1,663.3,78.9,20.8,1.2,15.3,3.6,26.7,8.6,40.0,8.2,0.0,0.0,192.0,11.6,2.7,1.9,4.6,0.5,35.2,6.6,34.4,6.9,36.0,3.5,
2007,Magnetic,Fished,WC1,652.6,102.8,23.6,1.7,19.3,5.0,77.3,22.0,38.0,7.2,0.0,0.0,260.0,32.1,4.7,2.9,4.2,0.5,40.0,5.3,38.8,4.8,21.2,5.2,
2007,Magnetic,NTR 2004,FB1,579.3,74.4,19.0,2.4,15.3,2.3,42.0,23.6,28.7,11.4,0.0,0.0,204.0,27.9,3.3,1.1,11.6,0.6,50.4,9.0,48.8,9.3,17.2,8.0,
2007,Magnetic,NTR 2004,GOW1,384.7,106.4,16.6,3.1,13.3,2.8,40.7,30.8,10.0,3.3,0.0,0.0,200.0,48.3,3.3,1.1,7.5,1.0,28.0,5.0,26.8,5.0,44.4,5.3,
2007,Magnetic,NTR 1987,GB1,948.6,267.9,25.4,3.4,31.3,12.0,128.7,35.5,18.0,8.0,0.0,0.0,214.0,31.6,6.0,2.7,4.9,0.4,24.8,4.8,24.0,5.3,32.0,4.1,
2007,Magnetic,NTR 1987,GB2,618.6,138.0,21.6,3.8,30.7,6.1,44.0,6.6,26.7,3.8,0.0,0.0,196.0,21.1,9.3,2.2,8.8,0.8,34.0,4.9,33.2,4.8,21.6,4.4,
2007,Palm,Fished,C4,2227.3,157.6,47.0,2.2,26.0,7.1,77.3,10.5,16.7,3.8,10.0,7.7,146.0,49.5,10.0,1.8,6.0,0.0,61.6,6.1,32.8,6.7,1.6,1.0,
2007,Palm,Fished,C5,1090.6,228.8,39.8,3.1,44.0,4.1,52.7,7.8,5.3,1.3,32.0,27.1,40.0,10.0,14.0,3.1,8.2,0.7,67.6,2.2,14.0,2.0,0.0,0.0,
2007,Palm,Fished,C6,4404.0,771.1,37.6,1.3,42.7,6.4,155.3,30.8,25.3,9.1,376.0,213.0,56.0,28.7,20.0,3.0,5.7,0.9,51.2,3.1,13.2,2.9,0.0,0.0,
2007,Palm,Fished,PE1,2109.3,244.0,39.8,2.1,50.7,13.1,42.0,8.5,5.3,2.3,0.0,0.0,180.0,27.0,9.3,3.6,19.3,0.5,50.4,4.0,16.8,3.3,0.4,0.4,
2007,Palm,Fished,PE2,2431.3,455.3,36.4,1.5,9.3,1.2,44.0,9.6,30.0,2.4,528.0,399.0,136.0,27.7,4.7,0.8,11.7,1.6,69.6,6.6,57.2,4.2,0.0,0.0,
2007,Palm,Fished,PE3,1424.6,96.4,34.2,2.1,16.7,3.8,92.7,26.7,20.0,2.8,90.0,26.1,138.0,12.8,4.0,1.9,16.3,2.2,59.6,3.6,46.4,1.3,0.4,0.4,
2007,Palm,Fished,PE4,999.3,176.2,37.2,1.7,17.3,1.6,122.7,29.3,16.0,3.7,68.0,52.3,186.0,34.9,6.0,1.2,14.4,1.1,32.0,3.0,24.4,2.0,0.0,0.0,
2007,Palm,Fished,PE5,1366.0,26.9,40.4,1.7,12.0,4.0,188.6,30.1,11.3,2.0,98.0,22.7,228.0,11.1,4.7,1.3,5.7,0.5,30.8,3.1,17.6,2.5,0.0,0.0,
2007,Palm,Fished,PE6,1422.6,134.8,37.4,0.7,12.0,2.9,132.7,39.2,7.3,3.4,226.0,52.8,356.0,51.5,6.0,0.7,10.5,0.5,18.4,3.1,4.4,2.0,0.0,0.0,
2007,Palm,Fished,PS1,2536.0,392.0,41.4,1.0,24.7,4.2,104.7,21.4,20.7,6.7,0.0,0.0,28.0,13.9,8.0,3.1,15.6,2.7,52.0,4.7,18.0,3.0,0.0,0.0,
2007,Palm,Fished,PS2,3756.0,517.4,40.0,3.0,27.3,5.3,54.0,1.9,14.7,3.4,504.0,232.9,52.0,26.0,17.3,1.2,16.3,1.7,39.2,6.1,34.4,5.7,0.8,0.8,
2007,Palm,Fished,PS3,2572.6,350.3,43.6,2.6,29.3,4.1,120.0,17.9,18.0,5.0,0.0,0.0,28.0,9.7,12.0,3.3,6.4,0.6,28.0,2.3,19.6,2.7,0.0,0.0,
2007,Palm,Fished,PS4,3006.0,599.3,39.6,2.5,14.7,3.6,75.3,12.2,6.7,2.4,334.0,262.6,188.0,60.2,7.3,2.7,12.2,0.8,32.8,4.8,12.8,4.1,0.0,0.0,
2007,Palm,Fished,PS5,2500.0,267.3,39.2,1.4,14.7,5.0,40.0,9.4,14.7,2.7,0.0,0.0,114.0,16.0,3.3,2.6,14.6,1.0,40.8,4.2,20.4,1.5,0.0,0.0,
2007,Palm,Fished,PS6,3231.3,539.0,41.2,2.0,13.3,3.0,117.3,38.4,6.7,2.1,58.0,34.8,174.0,38.7,6.0,1.9,12.0,0.6,50.4,5.4,27.6,6.1,0.0,0.0,
2007,Palm,NTR 1987,OE1,1469.3,130.7,39.6,0.5,25.3,4.3,76.7,16.1,18.7,4.3,22.0,14.3,300.0,39.0,14.0,4.0,7.9,0.7,57.6,5.9,12.0,2.2,0.0,0.0,
2007,Palm,NTR 1987,OE2,1682.0,173.2,40.6,2.3,30.7,4.6,76.0,11.1,20.0,1.8,128.0,115.9,170.0,22.8,13.3,3.8,5.1,0.5,74.0,1.1,13.6,1.9,0.0,0.0,
2007,Palm,NTR 1987,OE3,2259.9,155.2,41.8,2.4,49.3,4.3,208.0,38.2,20.0,6.2,248.0,116.6,110.0,7.1,24.0,3.2,8.0,1.0,57.2,3.6,12.8,2.9,0.0,0.0,
2007,Palm,NTR 1987,OE4,858.0,149.3,32.6,3.4,28.7,6.3,33.3,10.6,16.7,3.2,36.0,20.1,178.0,10.2,10.0,4.9,11.6,0.7,68.0,6.9,32.8,1.9,0.0,0.0,
2007,Palm,NTR 1987,OE5,783.3,86.0,33.4,2.9,20.7,4.6,176.0,58.1,17.3,3.9,18.0,6.6,170.0,21.2,6.0,1.2,5.1,0.2,42.0,4.6,21.6,3.7,0.4,0.4,
2007,Palm,NTR 1987,OE6,1114.0,83.2,37.8,1.1,12.7,1.6,126.7,24.7,22.0,2.9,68.0,16.6,306.0,27.3,3.3,2.1,6.1,0.1,66.0,4.0,38.8,2.6,0.0,0.0,
2007,Palm,NTR 1987,OS1,1677.3,188.7,34.0,0.8,86.0,21.9,50.7,5.5,20.7,5.1,0.0,0.0,130.0,26.5,11.3,1.7,4.2,0.5,38.0,4.6,31.6,5.8,0.0,0.0,
2007,Palm,NTR 1987,OS2,1739.3,177.1,29.6,1.0,26.0,4.5,41.3,3.7,10.7,3.1,20.0,20.0,92.0,12.4,7.3,1.9,6.4,1.2,32.0,5.7,16.0,4.2,0.0,0.0,
2007,Palm,NTR 1987,OS3,2462.7,202.5,34.6,3.0,33.3,8.8,38.0,10.1,12.7,3.2,70.0,37.4,172.0,38.8,15.3,3.4,5.4,0.3,35.2,4.3,18.8,2.7,0.0,0.0,
2007,Palm,NTR 1987,OS4,4357.3,601.9,41.8,2.2,26.0,4.1,40.7,8.1,140.7,13.5,436.0,138.2,416.0,57.7,16.0,2.9,7.8,0.5,41.2,4.0,35.6,4.8,0.0,0.0,
2007,Palm,NTR 1987,OS5,2880.0,213.6,37.0,1.1,46.7,10.3,47.3,10.1,44.7,3.9,138.0,78.8,80.0,14.8,22.0,5.7,3.6,0.9,52.0,3.0,22.0,4.0,0.0,0.0,
2007,Palm,NTR 1987,OS6,1678.0,418.4,28.6,2.1,22.0,2.0,36.0,10.0,10.0,1.5,52.0,31.8,174.0,53.7,9.3,2.4,6.5,0.9,54.4,2.3,11.6,3.1,0.0,0.0,
2007,Palm,NTR 2004,C1,3242.6,603.8,36.6,1.8,23.3,4.2,53.3,6.3,26.7,3.3,66.0,26.9,26.0,16.3,11.3,2.7,4.4,0.4,50.8,3.8,22.8,4.5,0.0,0.0,
2007,Palm,NTR 2004,C2,3174.0,92.1,42.4,2.5,39.3,4.1,48.0,7.8,20.7,4.8,82.0,72.1,152.0,17.4,18.0,3.1,4.5,0.2,50.4,3.8,18.8,2.3,0.8,0.5,
2007,Palm,NTR 2004,C3,2832.0,509.0,40.6,0.7,27.3,6.4,56.0,15.1,13.3,1.8,330.0,214.4,96.0,7.5,15.3,7.0,2.2,0.2,64.0,3.6,39.6,4.3,3.2,1.6,
2007,Whitsunday,Fished,HB1,1770.6,205.3,35.2,2.8,22.7,3.9,56.0,13.3,13.3,2.4,58.0,24.2,324.0,52.7,8.0,2.7,5.6,1.1,47.6,3.5,33.2,3.4,0.8,0.5,
2007,Whitsunday,Fished,HB2,1447.3,143.9,26.4,1.3,14.7,3.6,40.7,6.2,30.0,2.8,12.0,7.3,394.0,11.2,5.3,2.0,6.7,0.3,60.8,3.4,53.6,3.2,5.2,1.2,
2007,Whitsunday,Fished,HB3,2818.6,168.1,31.4,1.1,4.7,0.8,32.0,3.9,17.3,1.2,306.0,62.7,218.0,33.8,0.7,0.7,7.0,0.6,75.6,3.2,53.6,3.5,0.0,0.0,
2007,Whitsunday,Fished,HB4,2054.6,299.0,29.4,2.2,20.7,13.6,22.0,5.7,28.0,7.4,252.0,38.8,90.0,9.5,2.7,1.2,4.7,0.2,82.8,2.9,54.8,3.0,0.0,0.0,
2007,Whitsunday,Fished,HB5,7485.3,565.7,37.8,2.0,7.3,1.9,37.3,6.9,24.7,4.4,2112.0,453.6,156.0,26.0,4.7,2.5,8.6,0.7,76.8,3.4,34.0,3.6,0.0,0.0,
2007,Whitsunday,Fished,HB7,4046.7,1022.3,35.8,1.4,13.3,3.0,36.0,5.4,18.0,3.7,1230.0,643.4,58.0,15.3,1.3,0.8,14.9,1.0,75.2,3.5,48.8,8.3,0.0,0.0,
2007,Whitsunday,Fished,HE1,3169.3,406.8,41.0,4.0,28.7,14.3,81.3,34.9,44.7,6.3,98.0,19.6,188.0,23.1,4.0,1.6,7.7,0.8,87.2,1.6,74.0,3.6,0.0,0.0,
2007,Whitsunday,Fished,HE2,2151.3,232.6,39.4,2.2,12.0,2.3,44.7,4.5,32.7,7.8,152.0,52.1,208.0,21.3,2.0,0.8,4.0,0.0,74.0,5.4,60.4,6.9,0.0,0.0,
2007,Whitsunday,Fished,HE3,2990.0,258.1,41.2,3.4,8.7,2.3,66.7,12.9,32.0,4.5,290.0,91.5,156.0,9.3,4.7,1.3,11.0,1.6,69.2,5.6,39.6,5.7,0.0,0.0,
2007,Whitsunday,Fished,HY1,3592.0,481.2,38.4,2.4,8.0,2.0,87.3,20.2,25.3,5.9,154.0,79.8,38.0,12.0,4.0,0.7,5.9,0.1,65.2,3.5,43.2,3.4,0.0,0.0,
2007,Whitsunday,Fished,HY2,2142.6,192.4,40.0,2.4,12.0,5.1,46.7,4.3,37.3,7.4,36.0,15.0,136.0,16.3,1.3,0.8,4.1,0.4,68.8,6.2,30.0,7.4,0.0,0.0,
2007,Whitsunday,Fished,HY3,3221.3,387.0,43.0,2.4,20.7,6.4,71.3,12.0,56.0,6.9,94.0,48.3,58.0,15.6,4.0,1.2,3.8,0.2,52.8,3.1,31.6,2.6,0.0,0.0,
2007,Whitsunday,Fished,W1,2286.0,256.7,38.2,2.7,20.7,6.4,62.7,17.0,34.7,4.5,78.0,30.7,168.0,10.2,4.7,1.7,8.2,0.8,70.8,2.1,43.6,5.6,0.0,0.0,
2007,Whitsunday,Fished,W2,2103.3,225.4,29.8,1.5,10.7,3.2,20.7,5.6,22.7,4.1,170.0,33.2,228.0,20.8,2.0,0.8,11.4,1.1,67.6,4.0,39.6,3.7,0.0,0.0,
2007,Whitsunday,Fished,W3,2522.6,922.0,28.2,3.5,10.0,2.8,29.3,4.6,8.7,2.7,526.0,446.7,308.0,98.9,0.7,0.7,7.0,0.6,41.2,10.0,22.4,9.5,11.2,5.0,
2007,Whitsunday,Fished,W4,905.3,66.4,29.2,0.9,13.3,1.8,43.3,12.5,10.0,1.5,52.0,37.6,148.0,27.1,5.3,1.3,8.6,0.4,25.6,4.8,14.8,3.6,47.6,9.5,
2007,Whitsunday,Fished,W5,2256.7,183.9,24.4,2.1,4.7,1.3,40.0,15.0,7.3,4.0,876.0,200.1,104.0,35.4,1.3,0.8,5.8,0.2,57.2,4.8,54.8,5.0,9.2,4.4,
2007,Whitsunday,Fished,W6,742.7,59.2,23.8,2.3,12.7,2.9,24.7,9.4,6.7,3.0,0.0,0.0,332.0,43.4,0.7,0.7,4.7,0.7,14.0,3.0,11.2,3.0,63.2,4.3,
2007,Whitsunday,Fished,W8,1756.0,287.9,31.4,1.5,16.7,4.1,24.0,9.6,23.3,5.1,222.0,89.0,178.0,17.1,3.3,1.1,20.8,0.5,58.4,5.9,42.4,4.0,0.4,0.4,
2007,Whitsunday,Fished,W9,1723.3,178.8,29.0,2.3,16.7,2.4,17.3,6.9,25.3,4.3,162.0,77.7,156.0,20.9,2.0,0.8,21.6,1.5,63.2,1.9,44.8,3.4,0.8,0.5,
2007,Whitsunday,NTR 1987,B1,4024.0,986.3,37.8,1.6,73.3,22.4,60.0,19.2,31.3,6.8,1414.0,916.4,80.0,12.2,13.3,4.2,8.9,0.2,64.8,5.3,28.4,3.3,0.0,0.0,
2007,Whitsunday,NTR 1987,B2,7770.0,2180.7,31.0,1.7,18.7,9.4,31.3,6.4,26.7,1.8,4552.0,2190.8,70.0,14.8,9.3,4.5,6.4,1.2,71.6,3.7,40.8,5.2,0.0,0.0,
2007,Whitsunday,NTR 1987,B3,2028.7,713.9,23.6,1.8,12.7,2.9,16.7,5.6,26.0,4.1,734.0,575.0,218.0,10.7,2.7,1.2,8.3,0.4,78.8,3.4,52.0,3.4,0.0,0.0,
2007,Whitsunday,NTR 1987,B4,1263.3,213.3,22.6,1.3,6.0,1.2,8.0,1.7,28.7,3.1,274.0,164.6,200.0,19.2,2.0,0.8,4.4,0.2,80.4,1.5,63.6,2.7,0.0,0.0,
2007,Whitsunday,NTR 1987,B5,2868.0,382.7,25.2,0.9,6.7,1.1,22.7,5.3,10.0,1.5,1720.0,374.4,98.0,19.3,5.3,1.7,4.9,0.4,75.2,3.4,64.8,7.0,0.4,0.4,
2007,Whitsunday,NTR 1987,B6,5352.6,1640.5,42.6,1.5,13.3,2.1,130.7,11.6,50.7,7.6,2844.0,1413.2,200.0,19.2,8.0,1.7,3.6,0.3,71.6,7.4,43.2,7.7,0.0,0.0,
2007,Whitsunday,NTR 1987,HG1,4330.0,800.4,41.0,1.8,22.0,4.3,77.3,11.4,53.3,7.6,836.0,318.5,24.0,10.3,7.3,1.9,3.7,0.4,64.4,3.3,32.8,3.3,0.0,0.0,
2007,Whitsunday,NTR 1987,HG2,3710.0,619.9,43.4,1.5,20.7,5.0,49.3,4.0,28.0,6.4,990.0,494.7,42.0,17.7,10.7,2.7,6.3,0.5,72.4,2.8,46.8,4.9,0.4,0.4,
2007,Whitsunday,NTR 1987,HG3,3230.0,501.0,41.0,1.4,11.3,1.3,72.0,8.7,18.7,4.3,636.0,245.6,78.0,13.2,7.3,2.2,7.7,1.0,68.0,2.8,38.4,4.4,0.0,0.0,
2007,Whitsunday,NTR 1987,HG4,6298.6,541.6,40.2,1.0,16.7,5.3,64.7,18.2,29.3,2.4,1706.0,561.4,88.0,7.3,8.7,2.9,8.7,0.3,74.4,1.7,63.2,4.3,1.2,1.2,
2007,Whitsunday,NTR 1987,HG5,2030.6,138.8,39.0,2.6,18.0,6.5,77.3,7.4,31.3,5.2,118.0,57.3,62.0,15.9,7.3,1.6,4.6,0.5,61.6,3.5,39.2,3.7,0.0,0.0,
2007,Whitsunday,NTR 1987,HG6,2812.0,467.2,40.4,1.2,15.3,3.4,123.3,11.1,13.3,3.0,868.0,425.2,174.0,26.4,6.0,1.9,6.0,0.0,42.8,5.2,34.0,6.1,0.4,0.4,
2007,Whitsunday,NTR 2004,BL1,2190.0,126.8,43.2,1.7,44.0,7.4,111.3,18.2,28.7,4.5,98.0,77.5,94.0,20.4,17.3,5.5,6.2,0.1,56.0,1.7,25.2,3.1,0.0,0.0,
2007,Whitsunday,NTR 2004,BL2,1914.6,109.8,40.2,2.4,28.0,8.9,81.3,5.6,44.0,5.5,6.0,6.0,54.0,10.3,16.0,5.5,7.1,0.3,61.6,3.3,38.8,4.9,0.0,0.0,
2007,Whitsunday,NTR 2004,DB1,2886.0,203.5,46.2,3.0,20.7,4.8,57.3,8.8,18.0,4.2,484.0,137.0,52.0,8.6,8.0,1.7,7.4,0.7,72.4,2.1,35.6,2.6,0.0,0.0,
2007,Whitsunday,NTR 2004,DB2,4025.3,410.5,42.8,1.3,43.3,8.0,143.3,31.4,58.0,5.9,608.0,339.4,158.0,21.8,27.3,6.4,5.0,0.4,74.0,1.5,47.2,2.2,0.0,0.0,
2007,Whitsunday,NTR 2004,HG7,6072.6,500.1,43.4,1.6,10.0,2.1,69.3,7.4,62.0,10.1,1928.0,384.3,54.0,12.1,3.3,1.1,5.4,0.4,70.8,4.5,59.2,4.5,0.0,0.0,
2007,Whitsunday,NTR 2004,HW1,3116.0,260.1,45.2,3.0,12.0,2.0,181.3,57.6,28.0,6.0,230.0,141.8,10.0,6.3,6.0,1.9,7.5,0.4,71.6,2.9,54.8,5.0,0.0,0.0,
2007,Whitsunday,NTR 2004,HW2,2110.0,326.7,35.4,1.5,10.7,1.2,62.7,9.6,17.3,6.4,56.0,21.6,94.0,11.7,2.0,1.3,7.8,0.2,63.6,6.5,54.8,7.6,0.8,0.8,
2007,Whitsunday,NTR 2004,HW3,3643.3,186.7,37.8,2.6,12.0,1.3,52.0,12.5,19.3,5.1,288.0,114.3,134.0,25.2,4.7,1.7,7.8,0.6,78.8,3.0,61.6,3.1,0.0,0.0,
2007,Whitsunday,NTR 2004,L1,2619.3,383.8,39.2,0.8,12.7,3.4,61.3,3.7,18.7,3.1,128.0,70.4,50.0,14.1,6.0,1.2,7.2,0.4,60.0,1.9,32.0,2.5,0.0,0.0,
2008,Keppel,Fished,GK7,5055.3,1368.8,23.6,2.4,22.7,4.0,19.3,8.9,38.0,7.4,3970.0,1263.1,182.0,17.5,10.7,2.7,7.1,0.5,63.6,1.5,62.0,2.4,0.8,0.5,
2008,Keppel,Fished,GK8,1857.3,503.1,21.4,0.8,19.3,5.5,192.6,130.0,13.3,3.3,880.0,582.3,300.0,35.5,6.7,3.0,6.2,0.5,22.0,9.9,21.6,10.1,4.0,2.1,
2008,Keppel,Fished,MI1,9894.7,2694.2,25.4,2.8,17.3,3.9,4.7,1.7,41.3,9.0,8906.0,2627.1,110.0,34.1,12.0,5.0,7.8,0.6,88.0,3.2,86.0,3.9,0.0,0.0,
2008,Keppel,Fished,NK3,3467.3,545.7,23.6,1.7,28.7,3.6,48.7,19.8,22.0,6.2,2112.0,489.9,132.0,21.1,20.7,1.6,6.0,0.0,68.0,3.5,68.0,3.5,1.2,0.8,
2008,Keppel,NTR 2004,GK5,15867.3,1474.7,32.4,0.8,52.7,7.8,17.3,1.6,24.0,4.6,14800.0,1479.9,170.0,28.5,36.0,6.4,8.2,0.3,30.4,5.0,30.0,5.1,11.2,5.4,
2008,Keppel,NTR 2004,GK6,8658.0,1882.8,21.6,2.3,46.7,6.8,15.3,5.9,20.0,4.1,7860.0,1883.8,196.0,72.0,34.0,5.2,7.1,0.5,58.4,16.7,58.4,16.7,2.4,1.9,
2008,Keppel,NTR 2004,GK9,5240.7,2363.6,16.8,1.5,15.3,4.5,11.3,5.9,4.0,1.2,4280.0,2359.0,272.0,60.4,4.0,1.2,7.5,0.8,44.0,9.4,44.0,9.4,10.8,1.9,
2008,Keppel,NTR 2004,NK1,6794.6,2644.8,17.0,1.7,12.7,2.9,272.0,84.1,6.0,2.2,5590.0,2536.9,286.0,51.0,11.3,2.3,4.4,0.3,29.6,10.8,29.6,10.8,54.0,9.7,
2008,Palm,Fished,C4,3752.0,386.6,43.2,1.4,19.3,1.6,65.3,12.2,32.7,6.2,226.0,89.4,200.0,35.6,8.0,2.3,11.4,2.5,61.6,6.1,32.8,6.7,1.6,1.0,
2008,Palm,Fished,C5,2684.6,572.0,47.6,2.5,39.3,1.9,81.3,12.0,21.3,5.4,212.0,137.2,174.0,36.7,10.7,3.4,5.3,0.7,67.6,2.2,14.0,2.0,0.0,0.0,
2008,Palm,Fished,C6,3057.3,615.9,33.8,2.4,13.3,3.0,40.0,3.8,11.3,2.7,20.0,20.0,156.0,43.0,4.7,1.7,7.5,1.8,51.2,3.1,13.2,2.9,0.0,0.0,
2008,Palm,NTR 2004,C1,3238.0,213.8,38.6,2.0,16.0,3.9,33.3,4.6,24.0,2.4,182.0,61.9,176.0,32.5,6.0,1.9,10.4,0.2,50.8,3.8,22.8,4.5,0.0,0.0,
2008,Palm,NTR 2004,C2,4159.3,358.1,39.6,1.7,30.0,6.7,31.3,7.3,16.7,4.6,104.0,87.6,222.0,25.2,12.7,3.4,10.4,1.1,50.4,3.8,18.8,2.3,0.8,0.5,
2008,Palm,NTR 2004,C3,4670.6,546.0,38.6,1.7,14.7,2.5,44.7,6.5,12.7,2.7,364.0,59.5,152.0,19.3,4.7,2.3,9.2,0.4,64.0,3.6,39.6,4.3,3.2,1.6,
2008,Whitsunday,Fished,HB7,6258.6,1217.9,38.8,2.4,12.7,2.3,43.3,10.9,29.3,4.6,1894.0,895.1,40.0,13.7,4.7,1.7,5.5,0.7,83.6,2.3,54.0,6.0,0.0,0.0,
2008,Whitsunday,Fished,HE1,2275.3,237.8,37.6,3.7,22.7,3.2,40.0,10.7,25.3,4.8,206.0,39.2,90.0,8.9,7.3,2.4,10.7,0.3,83.2,4.9,73.2,5.3,0.0,0.0,
2008,Whitsunday,Fished,HE2,2953.3,238.2,37.0,3.0,6.0,1.6,58.0,15.3,27.3,2.9,274.0,68.7,98.0,11.1,0.7,0.7,6.9,0.5,78.0,3.3,68.0,3.8,0.0,0.0,
2008,Whitsunday,Fished,HE3,3561.3,168.6,44.8,1.3,18.7,2.7,382.6,263.7,44.0,14.0,200.0,45.7,182.0,47.5,13.3,1.8,4.0,0.3,72.0,3.8,54.4,6.1,0.0,0.0,
2008,Whitsunday,Fished,HY1,3081.3,426.3,39.2,2.2,13.3,4.6,56.7,4.8,18.7,3.1,188.0,68.0,110.0,11.0,4.0,1.6,6.9,0.6,61.6,5.2,39.6,4.0,0.0,0.0,
2008,Whitsunday,Fished,HY2,3597.3,165.5,44.0,1.1,12.0,2.3,72.0,12.6,67.3,6.7,44.0,20.1,106.0,21.4,3.3,1.8,10.7,0.5,64.8,3.4,37.2,3.7,0.8,0.5,
2008,Whitsunday,Fished,HY3,4250.6,414.2,47.0,2.1,32.0,4.8,60.0,7.8,43.3,5.4,86.0,39.4,160.0,42.5,12.7,1.9,9.3,0.2,73.2,3.7,49.2,3.4,0.0,0.0,
2008,Whitsunday,Fished,W8,2462.0,391.6,32.4,2.7,12.0,0.8,20.7,8.1,47.3,9.5,360.0,157.7,110.0,26.8,2.7,1.2,5.8,0.3,58.0,4.3,40.4,3.9,1.6,1.2,
2008,Whitsunday,Fished,W9,2707.3,317.4,41.0,2.9,15.3,3.7,57.3,16.2,54.7,8.3,504.0,275.5,120.0,24.3,4.7,3.1,9.3,1.5,69.6,5.3,48.0,7.7,2.8,1.0,
2008,Whitsunday,NTR 2004,BL1,4397.3,770.8,48.0,1.7,64.0,14.5,121.3,31.4,44.0,4.9,1208.0,560.2,60.0,25.1,18.0,6.0,7.6,0.2,59.2,6.9,33.6,5.1,1.6,1.0,
2008,Whitsunday,NTR 2004,BL2,2669.3,533.5,43.0,2.8,50.0,6.7,68.7,8.6,38.0,5.4,794.0,478.6,104.0,20.4,31.3,4.5,8.6,0.8,75.2,2.7,56.4,3.7,0.0,0.0,
2008,Whitsunday,NTR 2004,DB1,3590.6,230.9,45.6,0.9,40.0,13.7,89.3,12.4,29.3,2.2,148.0,39.4,64.0,20.6,16.0,4.4,9.2,1.1,51.6,4.2,22.8,4.8,0.0,0.0,
2008,Whitsunday,NTR 2004,DB2,4359.3,633.0,41.6,1.0,40.7,7.4,32.0,7.0,37.3,6.4,1022.0,422.9,146.0,6.8,28.7,4.0,5.8,0.4,64.8,4.2,34.8,6.0,0.4,0.4,
2008,Whitsunday,NTR 2004,HG7,5909.3,673.2,49.0,2.3,15.3,1.7,72.7,7.8,60.0,13.9,2770.0,501.2,74.0,19.4,5.3,0.8,3.0,0.1,74.0,2.8,45.6,5.7,0.0,0.0,
2008,Whitsunday,NTR 2004,HW1,3131.3,404.5,43.6,1.5,23.3,6.1,112.0,7.5,19.3,5.0,160.0,81.7,30.0,11.0,14.0,4.6,5.6,0.5,58.4,3.3,44.4,5.6,0.8,0.5,
2008,Whitsunday,NTR 2004,HW2,3616.0,928.2,43.8,1.0,20.0,3.2,100.0,18.9,26.0,4.9,996.0,558.8,80.0,26.6,8.0,3.6,9.7,1.6,57.6,6.2,54.0,7.3,0.0,0.0,
2008,Whitsunday,NTR 2004,HW3,4149.9,380.7,48.8,2.7,48.0,18.1,82.7,7.1,31.3,2.7,608.0,183.5,48.0,11.1,20.7,5.3,7.6,0.6,69.2,3.3,53.2,4.2,0.0,0.0,
2008,Whitsunday,NTR 2004,L1,2820.0,377.2,40.8,1.5,22.0,4.0,72.0,12.7,26.7,6.2,654.0,327.4,76.0,9.8,14.0,3.6,7.5,0.4,59.2,5.2,35.6,4.7,0.4,0.4,
2009,Keppel,Fished,GK1,8129.9,1789.5,32.0,2.9,28.7,11.1,21.3,7.3,51.3,13.1,6058.0,1587.5,176.0,43.2,6.7,1.8,8.2,0.8,88.0,4.5,84.8,6.0,0.0,0.0,
2009,Keppel,Fished,GK2,2759.3,1582.7,26.6,3.2,22.0,5.2,16.7,11.3,50.0,6.0,1912.0,1507.6,204.0,25.0,8.7,2.5,11.4,1.1,83.2,1.0,78.4,1.0,0.0,0.0,
2009,Keppel,Fished,GK3,6906.0,2302.3,25.2,2.3,28.0,4.3,17.3,10.7,26.7,1.8,5888.0,2191.9,96.0,15.0,20.7,3.6,7.0,0.6,83.2,1.9,83.2,1.9,1.2,1.2,
2009,Keppel,Fished,GK4,16296.7,4242.2,23.8,1.7,24.0,4.0,6.7,3.0,32.7,9.5,15100.0,4269.8,166.0,21.1,13.3,3.2,8.6,0.4,83.6,1.5,81.2,1.6,0.0,0.0,
2009,Keppel,Fished,GK7,21618.6,5363.5,23.8,1.5,26.0,6.3,32.7,11.0,64.0,11.3,20100.0,5334.8,258.0,17.4,13.3,2.8,5.8,0.2,67.2,2.8,66.0,2.5,7.6,3.5,
2009,Keppel,Fished,GK8,1502.0,846.9,18.8,0.7,27.3,6.2,7.3,3.2,29.3,4.8,800.0,800.0,230.0,25.5,17.3,4.6,4.7,0.7,36.4,13.8,35.2,13.7,1.6,1.2,
2009,Keppel,Fished,H3,12708.0,3113.1,29.0,1.7,49.3,22.3,72.0,14.6,54.0,13.1,11296.0,3217.0,116.0,44.1,30.7,9.5,5.6,1.1,40.0,6.8,40.0,6.8,52.8,9.3,
2009,Keppel,Fished,MI1,11774.7,3473.4,23.0,1.7,17.3,2.4,9.3,3.9,38.0,11.7,10784.0,3362.5,188.0,34.8,10.7,2.2,6.7,0.3,85.6,2.3,82.8,2.9,2.0,0.6,
2009,Keppel,Fished,MI2,21712.6,7134.1,25.8,3.5,14.7,4.8,9.3,6.9,42.7,7.3,20658.0,7153.7,122.0,21.8,10.0,3.5,7.0,0.6,79.6,3.7,56.4,12.4,3.2,2.2,
2009,Keppel,Fished,NK3,3919.3,998.3,17.8,2.1,23.3,6.4,2.7,1.2,13.3,6.1,2804.0,904.2,236.0,52.2,16.0,3.4,4.6,0.5,35.2,12.8,35.2,12.8,52.8,14.1,
2009,Keppel,NTR 1987,H1,13410.6,4704.1,24.0,2.4,48.0,15.2,26.0,16.1,64.0,5.1,12440.0,4624.9,200.0,14.8,26.7,5.8,6.2,0.1,79.2,5.4,77.2,5.4,3.2,1.0,
2009,Keppel,NTR 1987,H2,35520.0,5707.1,24.2,1.6,60.0,10.9,14.0,11.0,76.7,8.9,34400.0,5857.5,200.0,35.9,31.3,8.3,7.1,0.3,88.0,3.3,86.8,3.4,0.0,0.0,
2009,Keppel,NTR 1987,M1,13755.3,1183.6,18.6,1.7,26.7,6.6,6.7,2.4,22.0,2.7,12824.0,1191.1,244.0,36.7,22.0,4.7,7.5,0.4,51.6,7.4,51.6,7.4,39.2,4.9,
2009,Keppel,NTR 1987,M2,16933.3,1981.9,24.4,1.9,21.3,1.3,6.7,2.1,62.0,8.3,15140.0,1901.2,352.0,33.8,14.0,2.4,7.8,0.2,67.6,2.7,67.6,2.7,7.2,1.0,
2009,Keppel,NTR 1987,M3,5910.6,2875.0,22.2,2.7,30.7,10.0,10.0,4.2,28.0,7.3,5258.0,2739.9,138.0,27.8,15.3,5.6,7.8,0.6,80.4,5.5,80.4,5.5,1.6,1.2,
2009,Keppel,NTR 1987,M4,3839.3,1150.9,26.4,2.4,59.3,12.2,6.7,2.4,34.7,5.2,2798.0,1115.6,186.0,45.1,33.3,4.9,7.2,0.4,83.6,6.7,83.6,6.7,0.8,0.8,
2009,Keppel,NTR 2004,GK5,30692.7,4374.3,20.0,1.1,50.0,4.6,9.3,4.6,4.7,2.0,29600.0,4380.1,334.0,31.7,40.7,3.2,6.0,0.0,11.6,2.4,11.6,2.4,86.4,3.5,
2009,Keppel,NTR 2004,GK6,17960.0,2499.4,19.0,1.5,44.0,9.9,12.0,5.6,44.0,14.6,16700.0,2498.0,308.0,110.8,30.7,6.5,5.4,0.4,62.4,16.2,62.4,16.2,27.6,15.1,
2009,Keppel,NTR 2004,GK9,10610.7,2176.2,22.6,2.0,23.3,7.1,12.0,5.6,12.0,1.7,9414.0,2211.1,398.0,39.9,13.3,3.3,5.0,0.4,50.8,10.6,50.8,10.6,27.6,6.1,
2009,Keppel,NTR 2004,NK1,3254.7,2060.0,12.2,0.9,20.0,1.8,20.0,20.0,0.7,0.7,2660.0,1929.4,204.0,28.4,13.3,3.0,4.0,0.0,12.8,6.1,12.8,6.1,81.2,6.4,
2009,Palm,Fished,C4,3194.6,287.7,40.6,2.4,32.0,7.7,43.3,11.1,16.0,4.0,48.0,26.3,186.0,42.5,5.3,2.3,9.0,1.2,56.8,3.9,27.2,2.2,0.4,0.4,
2009,Palm,Fished,C5,1483.3,285.4,38.8,3.8,38.0,10.9,112.0,26.5,12.7,1.6,114.0,67.6,174.0,25.0,8.7,3.4,5.6,0.4,64.4,3.7,11.2,2.7,0.0,0.0,
2009,Palm,Fished,C6,2900.6,431.3,37.4,3.9,26.0,10.3,106.0,42.5,10.7,2.4,88.0,75.7,64.0,10.3,10.7,3.2,12.2,0.6,58.4,3.2,22.0,3.4,0.0,0.0,
2009,Palm,Fished,PE1,2912.6,324.4,44.0,2.6,28.7,5.8,82.0,17.1,15.3,1.3,446.0,99.9,172.0,40.4,5.3,2.5,18.8,2.4,50.4,4.7,23.6,3.7,0.0,0.0,
2009,Palm,Fished,PE2,1478.0,58.8,36.2,0.7,9.3,2.4,50.0,12.0,14.7,5.0,234.0,41.8,250.0,43.9,4.0,1.9,11.1,0.3,63.2,4.0,52.8,2.9,0.0,0.0,
2009,Palm,Fished,PE3,1185.3,76.6,33.2,1.1,6.0,2.4,57.3,8.0,14.0,1.2,136.0,30.1,216.0,34.1,0.7,0.7,17.6,1.7,62.0,3.0,49.6,2.7,0.4,0.4,
2009,Palm,Fished,PE4,888.6,57.3,35.8,2.1,16.7,3.5,90.7,19.5,13.3,4.3,100.0,35.8,252.0,38.0,4.0,1.2,10.2,1.9,40.0,2.6,34.4,3.4,2.4,1.0,
2009,Palm,Fished,PE5,1648.6,233.9,41.2,1.8,18.0,4.8,286.6,137.7,12.0,3.4,134.0,13.3,328.0,41.2,4.0,3.2,9.2,1.0,36.4,2.9,24.4,4.4,0.4,0.4,
2009,Palm,Fished,PE6,1884.6,217.5,41.0,2.0,20.7,4.6,162.7,55.8,10.7,2.4,280.0,67.6,504.0,30.6,7.3,1.9,9.8,1.2,34.0,3.6,22.4,2.1,8.0,5.2,
2009,Palm,Fished,PS1,2447.3,279.2,46.8,2.7,22.0,3.1,168.6,15.8,20.7,4.6,10.0,10.0,134.0,71.0,6.0,1.6,9.2,0.4,57.6,4.1,31.2,4.9,0.0,0.0,
2009,Palm,Fished,PS2,2974.7,248.7,30.8,1.5,9.3,2.4,30.7,8.8,21.3,8.9,154.0,123.2,138.0,26.5,2.7,0.7,7.4,0.9,62.8,4.3,55.6,3.5,2.8,1.5,
2009,Palm,Fished,PS3,3332.6,148.4,41.6,1.9,13.3,3.8,107.3,17.8,24.7,5.4,40.0,32.7,66.0,14.7,5.3,2.7,18.5,0.5,47.2,2.6,34.8,3.0,1.2,1.2,
2009,Palm,Fished,PS4,2892.6,502.1,42.0,1.8,15.3,5.0,89.3,8.1,22.7,4.3,96.0,30.3,148.0,43.3,3.3,1.1,14.8,2.4,44.4,8.4,24.8,8.3,0.8,0.5,
2009,Palm,Fished,PS5,2595.9,177.3,38.0,2.9,16.0,5.2,55.3,13.0,10.7,4.0,0.0,0.0,96.0,13.3,2.7,1.6,10.5,0.7,59.6,3.5,41.6,4.0,0.0,0.0,
2009,Palm,Fished,PS6,2255.3,234.9,40.0,2.5,9.3,3.4,156.0,8.6,8.7,2.9,102.0,56.7,218.0,54.6,2.7,1.2,16.5,0.9,57.2,4.8,35.2,5.4,0.4,0.4,
2009,Palm,NTR 1987,OE1,1708.0,129.1,40.6,2.8,23.3,6.5,104.0,20.1,11.3,2.3,82.0,43.1,568.0,37.5,5.3,2.0,15.1,1.1,69.2,5.4,29.2,5.7,0.0,0.0,
2009,Palm,NTR 1987,OE2,2160.0,137.6,45.2,2.1,41.3,6.5,83.3,17.9,18.0,6.4,70.0,31.0,332.0,43.5,7.3,2.4,10.8,0.8,75.6,4.4,24.8,4.5,0.8,0.8,
2009,Palm,NTR 1987,OE3,1784.0,252.3,35.0,2.5,26.0,4.1,69.3,12.4,2.0,1.3,410.0,77.7,226.0,25.0,7.3,1.2,11.2,0.4,52.8,3.9,16.4,1.2,0.0,0.0,
2009,Palm,NTR 1987,OE4,1190.6,102.5,34.0,1.8,25.3,5.2,65.3,18.5,20.7,3.9,154.0,46.5,280.0,38.2,6.7,2.4,11.8,0.8,77.6,2.3,43.6,4.3,0.0,0.0,
2009,Palm,NTR 1987,OE5,745.3,125.0,30.6,2.9,18.0,1.7,40.0,11.7,11.3,3.4,80.0,25.5,182.0,35.0,2.7,1.2,15.0,1.1,53.2,4.8,30.4,4.3,4.4,2.1,
2009,Palm,NTR 1987,OE6,830.0,95.1,29.6,0.6,16.0,3.6,42.7,7.3,12.0,3.3,116.0,11.7,242.0,19.1,4.7,2.3,7.6,0.5,60.8,2.1,38.0,2.0,0.0,0.0,
2009,Palm,NTR 1987,OS1,1142.6,130.8,30.2,1.3,30.7,4.3,24.7,6.5,24.0,3.2,0.0,0.0,208.0,33.1,10.7,1.9,2.8,0.3,51.6,2.3,45.6,2.1,0.0,0.0,
2009,Palm,NTR 1987,OS2,1683.3,210.0,29.0,1.1,20.0,3.3,131.3,25.7,18.0,5.3,2.0,2.0,94.0,14.0,7.3,1.9,6.7,0.8,26.0,2.1,14.4,1.3,0.4,0.4,
2009,Palm,NTR 1987,OS3,2135.3,489.4,35.8,2.5,38.0,9.8,98.0,32.5,17.3,3.2,344.0,319.3,144.0,28.4,21.3,12.7,8.7,0.6,52.4,2.6,32.4,5.0,0.0,0.0,
2009,Palm,NTR 1987,OS4,2646.6,243.8,34.0,1.4,25.3,5.9,66.0,12.7,26.0,4.6,334.0,118.3,496.0,64.5,7.3,2.9,9.5,0.2,46.8,5.2,36.8,5.2,0.0,0.0,
2009,Palm,NTR 1987,OS5,2226.0,409.8,34.0,2.3,19.3,3.2,31.3,5.8,19.3,0.7,90.0,56.9,78.0,19.3,12.0,3.9,18.0,2.0,51.2,3.5,22.0,4.4,0.0,0.0,
2009,Palm,NTR 1987,OS6,1029.3,167.0,27.8,2.8,26.0,6.2,200.6,49.5,2.7,1.6,318.0,102.9,224.0,31.2,11.3,4.5,13.5,1.3,41.6,5.6,10.0,2.6,0.0,0.0,
2009,Palm,NTR 2004,C1,3405.3,341.6,39.8,1.2,22.7,1.9,40.0,8.8,15.3,2.9,266.0,67.0,174.0,23.6,4.7,1.7,7.7,0.8,55.2,3.8,24.4,5.7,0.0,0.0,
2009,Palm,NTR 2004,C2,2898.0,255.2,39.4,2.0,20.0,4.2,99.3,11.5,14.0,3.9,4.0,2.4,84.0,20.9,4.7,1.7,10.2,1.2,50.4,3.2,24.0,2.0,0.0,0.0,
2009,Palm,NTR 2004,C3,3016.0,219.0,37.2,2.2,18.7,5.3,42.7,5.7,14.7,5.1,94.0,29.3,206.0,51.8,3.3,1.5,10.9,0.8,60.0,3.2,43.2,6.7,1.2,1.2,
2009,Whitsunday,Fished,HB1,1508.6,114.6,32.4,3.6,17.3,5.0,82.0,45.2,15.3,1.7,16.0,6.8,296.0,37.0,4.7,3.1,9.3,0.4,56.4,5.1,34.0,4.6,0.0,0.0,
2009,Whitsunday,Fished,HB2,1294.7,102.4,24.8,1.3,16.7,4.9,28.0,13.6,20.0,4.7,26.0,7.5,458.0,33.1,4.7,3.1,6.6,0.4,63.2,4.0,42.4,5.2,0.0,0.0,
2009,Whitsunday,Fished,HB3,1884.0,359.6,26.0,2.0,4.0,1.2,26.7,7.2,20.7,1.9,126.0,81.3,142.0,42.2,0.0,0.0,10.4,0.5,80.4,1.6,54.4,4.3,0.4,0.4,
2009,Whitsunday,Fished,HB4,2612.6,361.3,30.0,2.4,16.0,4.4,100.7,41.9,16.0,2.2,496.0,137.2,220.0,40.9,4.7,2.3,8.9,0.2,74.4,1.2,44.8,2.9,0.8,0.5,
2009,Whitsunday,Fished,HB5,3966.0,239.1,35.2,1.7,3.3,1.8,35.3,11.3,14.0,1.2,1444.0,208.0,86.0,7.5,1.3,1.3,12.2,3.0,78.0,5.5,30.8,2.7,0.0,0.0,
2009,Whitsunday,Fished,HB7,6112.7,1655.9,38.4,1.5,12.7,3.9,43.3,6.9,24.7,5.4,1990.0,835.2,52.0,15.6,4.0,1.2,18.2,0.8,82.4,4.4,55.6,12.6,0.0,0.0,
2009,Whitsunday,Fished,HE1,3584.6,307.9,36.6,1.0,9.3,2.2,165.3,81.7,18.7,4.7,558.0,132.9,298.0,43.9,2.7,0.7,17.7,1.1,87.2,4.0,79.6,4.3,0.0,0.0,
2009,Whitsunday,Fished,HE2,2758.6,370.4,39.8,1.7,10.7,2.2,182.0,48.9,38.7,3.6,318.0,73.0,226.0,20.6,5.3,0.8,16.2,1.2,79.6,2.7,73.2,3.1,0.0,0.0,
2009,Whitsunday,Fished,HE3,2239.3,372.4,41.6,4.0,7.3,1.9,138.0,21.2,42.0,12.0,114.0,23.6,66.0,8.7,4.0,1.2,14.3,2.2,80.0,2.6,48.8,2.7,0.0,0.0,
2009,Whitsunday,Fished,HY1,1896.0,197.7,32.4,1.3,8.0,2.9,170.6,25.0,13.3,5.1,54.0,12.1,106.0,13.3,2.7,1.2,5.1,0.5,76.0,4.2,45.6,1.0,0.0,0.0,
2009,Whitsunday,Fished,HY2,1987.3,154.2,38.6,4.7,18.0,2.3,64.0,7.6,29.3,3.2,36.0,14.4,118.0,31.8,8.0,1.3,10.8,0.4,78.0,2.8,44.8,3.7,0.0,0.0,
2009,Whitsunday,Fished,HY3,2843.3,257.2,44.6,1.6,44.7,13.3,83.3,12.9,50.0,3.0,110.0,48.9,84.0,16.9,6.7,2.4,8.2,0.6,61.6,2.9,40.4,3.2,0.0,0.0,
2009,Whitsunday,Fished,W1,1582.0,172.7,27.6,1.0,5.3,1.7,72.7,53.6,26.0,7.1,72.0,26.9,218.0,34.3,1.3,0.8,6.1,1.0,74.0,1.9,47.2,2.7,0.0,0.0,
2009,Whitsunday,Fished,W2,2246.7,345.6,31.6,2.8,8.0,1.3,19.3,2.9,17.3,6.5,640.0,234.4,350.0,48.4,1.3,1.3,6.4,0.7,82.8,3.8,44.0,3.4,0.0,0.0,
2009,Whitsunday,Fished,W3,1692.0,235.5,31.0,4.1,11.3,4.0,27.3,14.3,16.0,5.1,32.0,13.2,332.0,59.3,3.3,1.5,3.8,0.2,44.4,4.8,14.0,1.1,0.0,0.0,
2009,Whitsunday,Fished,W4,1154.0,232.2,31.0,3.1,23.3,6.8,60.7,14.4,15.3,4.3,2.0,2.0,210.0,34.9,10.0,1.8,8.2,1.1,28.4,5.3,18.4,3.8,39.2,6.7,
2009,Whitsunday,Fished,W5,1811.3,430.0,25.6,2.1,6.7,3.8,42.7,15.1,14.0,3.9,650.0,372.5,70.0,9.5,2.7,2.7,4.1,0.3,56.0,7.5,54.0,8.6,18.0,5.5,
2009,Whitsunday,Fished,W6,421.3,57.1,19.8,0.6,15.3,6.0,18.0,6.8,8.0,2.5,16.0,16.0,188.0,32.8,5.3,2.3,6.1,0.5,20.8,3.6,17.2,2.6,61.2,5.7,
2009,Whitsunday,Fished,W8,2454.0,394.3,30.6,2.8,12.0,0.8,16.7,5.9,47.3,9.5,360.0,157.7,122.0,23.5,2.7,1.2,6.0,0.4,58.0,4.3,40.4,3.9,1.6,1.2,
2009,Whitsunday,Fished,W9,3393.3,317.8,30.0,1.1,10.0,2.4,21.3,4.8,34.7,4.5,668.0,233.2,250.0,34.6,1.3,0.8,4.6,0.3,73.6,3.6,58.4,5.3,0.4,0.4,
2009,Whitsunday,NTR 1987,B1,1676.6,196.4,33.2,3.7,54.0,22.7,86.7,22.5,12.0,5.7,130.0,75.0,74.0,10.3,13.3,5.9,5.9,0.5,72.4,4.1,12.8,2.2,0.0,0.0,
2009,Whitsunday,NTR 1987,B2,3858.7,473.0,30.6,1.8,26.0,3.1,21.3,7.2,42.0,11.1,940.0,179.3,56.0,10.3,13.3,1.1,5.2,0.4,78.0,4.6,48.4,7.5,0.0,0.0,
2009,Whitsunday,NTR 1987,B3,2372.7,391.7,27.6,1.1,14.0,3.1,33.3,11.4,23.3,3.8,898.0,359.9,422.0,45.3,9.3,2.9,13.1,1.0,87.6,2.4,58.8,4.3,0.0,0.0,
2009,Whitsunday,NTR 1987,B4,1647.3,77.6,28.6,1.3,12.7,2.7,39.3,2.2,38.0,10.0,228.0,35.4,496.0,44.7,4.0,1.6,23.8,0.4,94.4,0.7,50.8,5.6,0.0,0.0,
2009,Whitsunday,NTR 1987,B5,2855.3,252.5,28.2,4.5,15.3,7.4,30.0,16.7,16.7,5.1,996.0,416.0,78.0,15.9,4.0,0.7,6.4,0.7,68.4,6.6,59.2,10.1,0.0,0.0,
2009,Whitsunday,NTR 1987,B6,2138.7,457.5,29.2,1.6,9.3,4.6,58.7,13.1,28.7,7.8,316.0,192.2,92.0,28.5,5.3,2.3,15.7,0.5,74.4,5.8,38.0,5.9,0.0,0.0,
2009,Whitsunday,NTR 1987,HG1,2029.3,357.6,41.6,1.0,19.3,4.8,60.7,7.7,21.3,3.1,238.0,106.7,20.0,7.1,6.0,1.9,9.7,1.4,80.8,4.6,36.8,2.9,0.0,0.0,
2009,Whitsunday,NTR 1987,HG2,4089.3,1089.3,39.6,2.0,16.0,3.6,84.7,11.7,52.0,9.2,1260.0,1084.3,30.0,13.4,8.0,0.8,10.5,1.4,82.8,4.4,53.2,6.0,0.0,0.0,
2009,Whitsunday,NTR 1987,HG3,2380.6,212.5,41.8,1.7,14.0,3.2,93.3,9.0,25.3,8.2,528.0,142.4,62.0,16.6,6.0,1.2,13.9,1.4,74.4,6.2,48.8,6.2,1.6,1.2,
2009,Whitsunday,NTR 1987,HG4,4290.0,132.3,39.6,2.3,20.7,6.0,94.0,12.4,27.3,3.4,732.0,225.9,22.0,6.6,12.0,2.5,14.3,1.6,82.8,3.1,69.2,1.7,0.0,0.0,
2009,Whitsunday,NTR 1987,HG5,2540.6,253.0,36.4,2.5,13.3,4.3,79.3,31.2,28.7,6.5,180.0,61.9,58.0,13.2,6.7,2.8,6.4,0.4,73.6,3.5,50.8,5.5,0.0,0.0,
2009,Whitsunday,NTR 1987,HG6,1861.3,263.8,34.4,0.6,13.3,4.3,114.0,28.7,18.7,3.3,384.0,354.2,114.0,25.6,6.0,1.9,11.8,0.9,59.6,6.6,46.0,5.1,0.0,0.0,
2009,Whitsunday,NTR 2004,BL1,2158.7,308.5,33.2,2.2,22.7,6.8,62.7,9.5,16.0,4.5,526.0,262.4,162.0,16.6,3.3,1.1,7.0,1.1,86.0,1.1,27.2,4.3,0.0,0.0,
2009,Whitsunday,NTR 2004,BL2,1778.6,89.5,35.8,1.4,31.3,9.2,50.0,6.2,42.7,5.5,258.0,120.3,80.0,12.2,8.7,2.0,10.5,2.0,67.2,5.6,48.0,6.4,0.8,0.8,
2009,Whitsunday,NTR 2004,DB1,3216.6,389.5,37.2,1.6,30.0,6.2,30.0,4.1,16.7,1.5,360.0,179.9,96.0,16.3,10.7,1.9,11.1,0.5,68.4,2.4,26.4,2.8,0.0,0.0,
2009,Whitsunday,NTR 2004,DB2,2609.3,417.9,36.4,3.6,46.7,13.0,46.7,17.4,40.7,11.3,304.0,162.7,422.0,36.0,21.3,4.8,10.0,2.5,84.4,2.2,35.2,1.5,0.0,0.0,
2009,Whitsunday,NTR 2004,HG7,2728.6,103.4,39.2,1.5,12.7,3.4,64.0,3.7,38.7,7.4,656.0,90.6,80.0,11.8,4.7,1.3,10.9,1.4,84.4,2.1,64.4,4.3,0.0,0.0,
2009,Whitsunday,NTR 2004,HW1,2194.0,285.5,36.0,1.3,7.3,1.2,92.7,12.9,9.3,3.4,54.0,17.2,56.0,10.8,2.0,1.3,8.7,0.6,68.4,5.1,51.6,4.7,0.4,0.4,
2009,Whitsunday,NTR 2004,HW2,1890.6,166.7,35.6,2.1,10.0,2.4,70.0,10.9,16.7,7.0,358.0,74.6,62.0,8.0,4.0,1.2,8.6,0.2,68.8,2.3,63.2,2.9,0.4,0.4,
2009,Whitsunday,NTR 2004,HW3,2486.0,165.6,38.0,1.9,16.7,3.8,115.3,32.7,32.7,6.4,94.0,42.5,50.0,19.5,13.3,2.8,9.1,0.4,65.6,4.7,42.4,3.1,0.4,0.4,
2009,Whitsunday,NTR 2004,L1,2349.3,468.2,30.0,1.4,11.3,2.5,37.3,2.7,26.0,5.7,480.0,245.3,58.0,10.7,4.0,1.9,14.6,1.4,76.8,3.4,50.0,6.9,0.0,0.0,
2011,Keppel,Fished,GK1,5091.3,999.3,26.2,2.7,16.0,3.9,43.3,25.8,53.3,10.2,3330.0,948.4,284.0,49.3,2.0,1.3,6.4,1.2,69.6,8.3,66.4,9.8,0.0,0.0,
2011,Keppel,Fished,GK2,2540.0,1305.7,20.0,2.3,12.0,4.8,66.7,31.5,28.7,8.9,1670.0,1271.6,378.0,37.9,4.7,2.3,8.3,0.4,35.2,6.3,32.4,6.2,0.0,0.0,
2011,Keppel,Fished,GK3,15793.3,8358.6,21.6,3.0,12.0,5.0,72.7,30.2,47.3,6.4,14984.0,8368.7,138.0,14.3,3.3,1.1,4.4,0.2,69.2,6.0,68.8,6.3,1.2,1.2,
2011,Keppel,Fished,GK4,15364.6,4798.5,23.2,2.0,18.7,4.0,27.3,7.3,81.3,9.0,14100.0,4850.3,236.0,28.2,11.3,3.4,4.9,0.4,51.2,5.6,50.8,5.6,0.0,0.0,
2011,Keppel,Fished,GK7,9955.3,4105.2,19.4,3.3,10.7,3.6,114.0,82.6,76.0,10.7,8844.0,3991.9,230.0,23.9,8.7,2.7,3.6,0.3,40.4,9.1,39.2,9.7,0.0,0.0,
2011,Keppel,Fished,GK8,3829.3,2288.5,18.8,1.9,7.3,1.9,86.0,17.4,30.0,10.1,2608.0,2374.1,498.0,71.7,2.0,0.8,3.7,0.4,33.6,11.7,33.6,11.7,1.2,0.8,
2011,Keppel,Fished,H3,18498.0,8202.8,21.4,1.2,10.7,2.4,60.7,33.0,14.0,5.1,17386.0,8304.9,226.0,31.9,8.7,2.0,6.3,0.5,23.2,7.8,23.2,7.8,0.0,0.0,
2011,Keppel,Fished,MI1,1628.7,411.9,16.4,3.2,8.7,4.3,8.7,8.7,14.7,3.4,866.0,448.1,318.0,60.2,2.0,1.3,7.7,1.0,30.4,8.2,28.8,8.4,0.0,0.0,
2011,Keppel,Fished,MI2,2418.7,718.0,21.6,2.2,12.7,3.1,26.7,13.1,28.0,2.9,1450.0,627.3,332.0,56.4,7.3,1.2,8.7,0.3,58.0,5.5,41.6,9.0,0.0,0.0,
2011,Keppel,Fished,NK3,1471.3,100.1,20.8,1.6,18.7,4.5,31.3,15.3,26.7,8.0,474.0,104.0,332.0,126.2,13.3,4.7,4.7,0.2,44.0,6.8,44.0,6.8,0.0,0.0,
2011,Keppel,NTR 1987,H1,2511.3,560.5,24.6,2.1,28.7,6.4,110.0,58.7,56.0,11.3,1356.0,449.4,396.0,104.6,20.0,4.2,7.7,0.8,37.2,3.1,36.4,3.1,0.0,0.0,
2011,Keppel,NTR 1987,H2,3096.7,588.6,18.6,1.6,12.7,2.7,61.3,32.6,41.3,6.5,2114.0,579.9,198.0,23.5,10.7,2.2,7.4,0.7,50.0,4.6,49.2,5.0,0.0,0.0,
2011,Keppel,NTR 1987,M1,1913.3,402.5,16.6,1.9,1.3,0.8,14.0,4.6,5.3,2.3,1308.0,343.4,186.0,27.9,0.0,0.0,4.4,0.1,5.2,2.7,5.2,2.7,0.0,0.0,
2011,Keppel,NTR 1987,M2,6593.3,2699.8,25.6,2.5,10.0,3.8,326.6,69.5,28.7,5.4,5406.0,2570.4,142.0,41.4,3.3,1.5,5.8,0.3,30.0,4.9,30.0,4.9,0.0,0.0,
2011,Keppel,NTR 1987,M3,1380.7,156.4,19.2,2.8,18.7,5.8,8.7,4.8,34.0,6.8,166.0,88.3,524.0,47.0,6.7,1.5,6.9,0.5,47.2,6.2,46.8,6.4,0.0,0.0,
2011,Keppel,NTR 1987,M4,2892.0,870.9,27.0,3.9,26.7,8.2,144.0,45.7,51.3,9.8,1306.0,744.3,468.0,105.1,16.0,5.1,4.0,0.3,45.2,6.7,44.8,7.0,0.0,0.0,
2011,Keppel,NTR 2004,GK5,14023.3,3502.3,21.0,1.8,48.0,4.2,83.3,24.8,10.0,2.4,12678.0,3463.8,626.0,30.6,40.7,5.1,5.9,0.1,2.4,1.2,2.4,1.2,0.0,0.0,
2011,Keppel,NTR 2004,GK6,10022.6,9153.1,18.2,2.0,40.0,10.1,57.3,48.2,65.3,10.5,9278.0,9180.8,140.0,15.5,32.7,7.1,4.1,0.4,59.2,7.5,59.2,7.5,0.8,0.5,
2011,Keppel,NTR 2004,GK9,7668.0,2217.7,16.6,1.8,5.3,3.7,4.7,2.5,29.3,2.9,6340.0,2255.0,428.0,19.3,1.3,1.3,3.8,0.2,48.8,8.3,48.8,8.3,0.0,0.0,
2011,Keppel,NTR 2004,NK1,2717.3,359.9,10.4,1.0,12.7,3.7,0.0,0.0,2.7,1.2,1472.0,281.3,606.0,82.4,11.3,4.2,3.0,0.1,21.6,5.0,21.6,5.0,0.4,0.4,
2012,Magnetic,Fished,AW1,158.7,24.0,10.6,1.4,9.3,2.9,10.0,4.2,10.0,3.7,0.0,0.0,84.0,15.0,1.3,0.8,11.6,0.6,26.8,4.5,26.8,4.5,16.8,8.1,
2012,Magnetic,Fished,AW2,196.0,31.4,11.6,1.2,7.3,2.7,14.7,5.0,12.7,3.6,0.0,0.0,82.0,22.2,2.0,0.8,7.5,1.0,34.4,5.7,34.4,5.7,18.4,6.6,
2012,Magnetic,Fished,NB1,398.7,93.6,12.0,1.4,8.0,3.4,21.3,7.5,8.0,2.9,0.0,0.0,118.0,42.9,0.7,0.7,3.0,0.3,25.2,4.2,25.2,4.2,28.8,7.8,
2012,Magnetic,Fished,WC1,212.0,46.5,11.8,0.7,6.7,1.5,16.7,6.1,14.0,3.2,0.0,0.0,76.0,21.1,0.0,0.0,10.8,1.1,15.6,2.9,15.6,2.9,39.6,8.4,
2012,Magnetic,NTR 2004,FB1,111.3,9.0,5.2,0.9,4.0,1.9,2.7,1.6,4.0,1.6,0.0,0.0,66.0,12.9,1.3,1.3,2.5,0.2,12.4,1.2,12.4,1.2,48.0,3.6,
2012,Magnetic,NTR 2004,GOW1,212.7,35.7,10.4,2.7,2.7,1.2,19.3,12.8,6.0,2.4,0.0,0.0,82.0,8.6,0.7,0.7,8.1,1.7,19.6,4.2,19.6,4.2,32.4,9.8,
2012,Magnetic,NTR 1987,GB1,175.3,48.3,12.8,2.8,10.0,2.8,29.3,12.3,6.0,3.2,0.0,0.0,22.0,12.4,5.3,2.3,2.8,0.2,15.6,2.0,12.8,1.4,54.4,5.9,
2012,Magnetic,NTR 1987,GB2,188.7,23.9,8.2,1.0,7.3,3.2,9.3,3.4,1.3,0.8,0.0,0.0,92.0,16.9,1.3,0.8,3.0,0.6,18.4,5.5,18.4,5.5,64.0,5.7,
2012,Palm,Fished,C4,2269.3,329.2,39.4,2.6,26.0,4.3,110.0,12.2,11.3,3.9,274.0,123.0,270.0,48.7,7.3,1.9,13.4,1.7,54.0,3.3,20.8,3.6,0.0,0.0,
2012,Palm,Fished,C5,1346.6,107.3,38.2,3.5,28.0,6.7,120.7,16.8,4.0,1.2,40.0,25.9,448.0,42.1,6.7,2.4,22.5,1.3,29.2,8.0,6.4,1.9,0.0,0.0,
2012,Palm,Fished,C6,1648.0,393.1,33.8,3.2,24.7,12.5,246.6,98.4,9.3,1.6,16.0,11.2,232.0,69.2,7.3,2.2,13.5,1.9,36.8,6.6,8.0,2.8,0.0,0.0,
2012,Palm,Fished,PE1,1258.6,270.9,33.8,3.0,23.3,9.7,150.7,24.7,4.7,2.5,112.0,55.0,444.0,35.6,4.0,1.6,15.2,2.9,20.4,7.4,10.4,4.9,0.0,0.0,
2012,Palm,Fished,PE2,1360.0,123.8,34.4,2.4,18.0,5.7,154.7,24.5,2.7,1.2,80.0,21.7,476.0,45.1,5.3,2.5,16.6,1.3,10.0,2.6,8.0,2.3,0.0,0.0,
2012,Palm,Fished,PE3,1091.3,73.2,37.0,1.5,6.0,3.1,123.3,15.1,14.0,3.4,96.0,16.9,450.0,28.1,1.3,1.3,11.7,0.7,16.0,3.5,13.2,3.3,2.4,0.7,
2012,Palm,Fished,PE4,848.0,45.3,28.6,2.6,16.7,3.5,82.7,14.0,4.7,2.0,84.0,21.4,356.0,43.8,4.7,3.1,14.9,1.3,10.0,2.1,8.8,2.0,12.4,1.6,
2012,Palm,Fished,PE5,1498.0,129.7,34.8,1.8,9.3,2.9,88.7,9.5,14.7,4.5,262.0,12.4,638.0,53.0,4.0,1.2,11.3,0.6,21.6,3.4,13.2,2.6,4.0,1.7,
2012,Palm,Fished,PE6,1676.0,139.2,35.4,2.9,7.3,2.9,375.3,130.3,8.0,4.3,260.0,39.1,570.0,47.2,4.7,2.0,21.3,0.7,10.8,1.2,8.4,0.7,1.6,0.7,
2012,Palm,Fished,PS1,1760.0,254.7,38.6,0.9,34.7,2.5,78.7,10.5,18.0,3.4,4.0,4.0,254.0,65.8,9.3,2.2,21.3,2.0,41.6,4.4,11.6,2.3,0.0,0.0,
2012,Palm,Fished,PS2,2708.0,255.4,32.6,2.0,16.0,5.2,98.0,17.2,17.3,3.2,92.0,51.2,264.0,26.9,7.3,3.1,13.3,2.5,51.6,6.2,42.4,4.8,1.2,1.2,
2012,Palm,Fished,PS3,2338.0,130.2,37.6,0.7,26.0,2.9,61.3,11.6,18.0,4.3,28.0,16.6,234.0,19.1,6.7,2.1,11.0,0.5,52.4,3.1,32.4,5.1,0.8,0.8,
2012,Palm,Fished,PS4,1250.0,132.4,43.8,2.0,8.0,2.5,62.7,9.5,22.7,1.9,0.0,0.0,142.0,51.2,3.3,1.5,21.8,1.1,38.0,7.1,16.8,5.6,0.0,0.0,
2012,Palm,Fished,PS5,1577.3,261.9,38.6,2.3,16.0,3.6,59.3,13.4,12.7,1.2,32.0,10.7,164.0,25.4,6.0,1.9,21.9,1.8,37.2,3.9,21.2,3.9,0.0,0.0,
2012,Palm,Fished,PS6,1100.6,123.9,33.2,1.9,8.0,1.7,96.0,13.7,8.7,3.6,12.0,7.3,112.0,32.6,3.3,1.1,13.8,1.7,24.0,6.6,12.0,3.8,0.4,0.4,
2012,Palm,NTR 1987,OE1,1694.6,374.5,31.6,2.9,29.3,5.3,70.7,17.8,4.0,1.9,74.0,29.6,622.0,75.9,15.3,6.3,10.1,0.5,19.6,5.2,6.0,0.6,8.0,2.8,
2012,Palm,NTR 1987,OE2,1470.6,219.5,31.0,3.9,25.3,4.0,48.7,13.8,4.0,2.4,134.0,72.7,620.0,63.0,8.7,2.3,13.4,1.1,19.6,3.8,5.2,2.6,4.4,1.7,
2012,Palm,NTR 1987,OE3,806.0,97.1,27.0,1.6,16.0,1.2,38.7,11.4,0.7,0.7,38.0,17.4,308.0,51.1,6.7,1.8,15.9,1.8,16.4,7.0,8.4,4.1,0.0,0.0,
2012,Palm,NTR 1987,OE4,1052.0,153.2,25.2,2.4,18.0,3.3,173.3,58.0,3.3,1.5,18.0,13.6,408.0,41.5,4.7,2.3,25.0,0.0,18.8,3.5,7.6,1.6,5.2,1.6,
2012,Palm,NTR 1987,OE5,878.0,134.0,35.4,2.8,34.7,5.9,135.3,13.8,0.7,0.7,52.0,22.4,226.0,18.1,17.3,8.5,13.2,2.5,4.4,2.4,3.6,2.2,1.2,0.5,
2012,Palm,NTR 1987,OE6,990.7,50.8,30.2,1.6,20.0,5.3,56.0,8.3,6.0,2.7,80.0,22.8,360.0,23.0,8.7,1.7,22.9,1.1,14.0,2.1,8.0,1.7,3.6,1.2,
2012,Palm,NTR 1987,OS1,1494.6,148.5,33.8,2.5,47.3,13.4,92.7,21.2,34.0,3.2,0.0,0.0,300.0,28.1,8.7,0.8,8.6,0.9,42.4,7.2,37.2,5.8,0.0,0.0,
2012,Palm,NTR 1987,OS2,1118.6,110.2,30.4,1.8,34.0,8.2,44.7,4.7,48.0,7.9,0.0,0.0,124.0,26.2,7.3,1.2,18.0,1.7,34.4,5.5,23.2,5.1,0.0,0.0,
2012,Palm,NTR 1987,OS3,1008.7,144.0,30.6,3.1,24.0,7.2,20.0,4.1,16.7,3.5,10.0,6.3,146.0,28.4,12.7,7.8,17.0,2.5,48.4,3.1,17.6,5.2,0.0,0.0,
2012,Palm,NTR 1987,OS4,1706.0,67.4,31.2,1.4,25.3,5.4,18.0,5.6,70.0,14.2,202.0,95.5,204.0,13.6,12.0,3.4,17.2,1.5,57.2,3.5,24.4,1.7,0.0,0.0,
2012,Palm,NTR 1987,OS5,1667.3,248.1,37.6,2.2,28.7,8.1,79.3,17.4,39.3,8.0,2.0,2.0,52.0,18.3,7.3,1.2,10.4,0.9,56.8,6.2,18.0,3.8,0.0,0.0,
2012,Palm,NTR 1987,OS6,572.6,150.4,23.0,3.5,13.3,2.4,207.3,66.9,2.7,1.2,14.0,9.3,180.0,51.1,9.3,1.9,13.6,0.1,13.6,3.8,3.6,1.2,0.0,0.0,
2012,Palm,NTR 2004,C1,2110.0,192.0,36.8,1.8,24.0,2.2,28.7,2.7,21.3,6.5,42.0,23.3,172.0,27.5,4.7,2.5,12.3,1.1,56.8,2.7,24.4,3.2,0.0,0.0,
2012,Palm,NTR 2004,C2,3006.6,185.1,36.4,1.0,28.0,6.0,261.3,17.3,19.3,1.9,4.0,4.0,318.0,17.7,8.7,5.5,7.8,0.9,49.2,4.9,20.0,4.0,0.0,0.0,
2012,Palm,NTR 2004,C3,2794.0,247.5,30.8,1.0,12.0,1.7,29.3,7.8,8.7,2.3,208.0,110.3,92.0,24.8,8.0,1.7,7.8,0.2,53.6,6.3,37.2,6.2,1.2,1.2,
2012,Whitsunday,Fished,HB1,1575.3,105.4,34.0,1.7,18.7,3.4,56.0,6.4,15.3,2.5,28.0,9.7,324.0,33.9,2.0,0.8,19.1,1.3,44.8,2.5,28.8,3.6,2.8,0.8,
2012,Whitsunday,Fished,HB2,1407.3,84.8,36.2,2.0,19.3,2.7,176.6,30.8,20.7,5.0,38.0,16.6,332.0,47.7,4.7,2.3,12.4,2.3,58.8,2.1,43.6,5.3,2.0,1.1,
2012,Whitsunday,Fished,HB3,1302.7,173.3,30.2,1.2,8.7,3.1,54.0,6.2,19.3,3.2,54.0,27.7,82.0,8.6,4.7,1.7,15.7,0.9,51.6,2.5,33.6,3.2,2.4,1.2,
2012,Whitsunday,Fished,HB4,2589.3,572.6,30.6,1.4,7.3,1.9,37.3,11.0,14.7,3.3,912.0,301.5,142.0,18.8,0.7,0.7,12.0,1.2,77.6,5.6,50.4,6.0,0.0,0.0,
2012,Whitsunday,Fished,HB5,2158.0,364.7,38.4,0.9,11.3,1.3,65.3,8.1,18.0,3.1,404.0,201.4,58.0,8.0,4.0,0.7,8.4,0.5,38.4,6.9,22.0,3.6,4.0,2.4,
2012,Whitsunday,Fished,HB7,5756.6,1036.9,37.4,2.0,17.3,7.7,164.7,41.0,12.7,1.6,2274.0,1125.8,58.0,18.5,5.3,1.7,18.3,1.2,74.4,1.6,60.0,6.2,0.0,0.0,
2012,Whitsunday,Fished,HE1,3686.6,346.0,38.0,2.1,7.3,1.6,308.6,88.7,20.0,2.1,304.0,37.0,200.0,37.0,2.0,0.8,5.1,0.4,64.4,2.3,55.6,4.1,0.0,0.0,
2012,Whitsunday,Fished,HE2,1782.7,128.6,35.2,1.2,7.3,1.9,68.7,16.4,24.7,3.3,192.0,20.3,174.0,24.4,1.3,0.8,3.9,0.2,60.4,2.5,52.8,3.9,0.4,0.4,
2012,Whitsunday,Fished,HE3,2740.6,385.5,35.6,1.6,10.0,4.3,79.3,22.7,16.7,5.9,204.0,117.9,174.0,22.7,3.3,2.1,5.1,0.4,52.8,2.1,40.8,3.4,0.4,0.4,
2012,Whitsunday,Fished,HY1,2537.3,123.5,36.6,1.3,8.0,2.0,83.3,11.9,36.7,8.0,68.0,10.2,52.0,15.9,2.7,1.2,2.9,0.3,70.8,2.1,55.2,3.4,0.0,0.0,
2012,Whitsunday,Fished,HY2,2799.3,258.1,35.0,1.4,6.0,3.7,72.7,27.6,39.3,3.7,116.0,38.3,144.0,25.4,1.3,0.8,7.9,1.3,40.0,4.2,21.0,4.6,1.0,0.8,
2012,Whitsunday,Fished,HY3,3184.0,198.0,41.8,1.0,11.3,5.9,85.3,5.9,49.3,4.6,144.0,131.9,34.0,13.6,0.0,0.0,21.0,1.2,64.0,2.8,44.0,1.4,0.0,0.0,
2012,Whitsunday,Fished,W1,1780.6,158.1,36.8,1.3,25.3,4.7,151.3,27.9,28.0,4.8,108.0,45.5,66.0,26.4,6.7,2.4,12.2,0.6,52.8,5.6,31.6,1.9,1.6,0.7,
2012,Whitsunday,Fished,W2,1686.6,233.5,36.2,2.0,13.3,2.6,66.0,13.6,23.3,4.6,464.0,217.8,150.0,22.6,4.7,1.3,17.2,1.2,64.8,4.5,39.6,2.9,0.0,0.0,
2012,Whitsunday,Fished,W3,1688.6,534.7,31.6,3.1,12.7,5.1,92.0,7.9,10.7,4.3,634.0,414.7,176.0,19.6,2.7,1.2,14.8,0.6,34.8,4.0,15.2,2.2,2.8,1.5,
2012,Whitsunday,Fished,W4,1741.3,261.2,31.4,2.0,16.0,4.5,48.0,7.3,18.0,3.6,240.0,240.0,116.0,22.5,6.0,2.7,11.4,1.3,28.4,6.8,19.6,4.9,34.4,6.9,
2012,Whitsunday,Fished,W5,2649.3,414.3,36.4,1.9,10.0,1.5,104.0,6.4,21.3,3.4,870.0,453.8,116.0,22.5,4.0,1.2,20.3,0.6,62.8,5.0,59.6,4.5,9.6,3.4,
2012,Whitsunday,Fished,W6,512.0,52.1,23.8,1.0,10.7,4.1,73.3,20.5,12.0,1.7,0.0,0.0,212.0,24.8,5.3,0.8,9.2,1.1,17.6,3.3,15.2,2.9,66.4,1.7,
2012,Whitsunday,Fished,W8,1443.3,195.0,30.6,2.7,13.3,3.7,32.0,7.7,14.7,4.3,174.0,72.2,118.0,34.8,3.3,1.5,4.7,0.3,45.2,3.9,32.0,5.3,8.8,4.1,
2012,Whitsunday,Fished,W9,2648.0,232.5,36.6,2.2,20.7,2.2,25.3,6.5,35.3,3.6,712.0,137.1,94.0,17.5,6.7,2.8,3.0,0.2,55.6,4.7,39.6,4.9,6.0,3.7,
2012,Whitsunday,NTR 1987,B1,1444.7,95.0,29.8,2.8,6.0,2.4,60.7,12.3,18.7,4.7,66.0,30.8,74.0,22.9,2.0,0.8,18.9,1.3,70.0,3.5,36.8,3.7,0.0,0.0,
2012,Whitsunday,NTR 1987,B2,2752.7,284.1,29.8,2.5,9.3,2.4,32.7,9.3,21.3,4.5,176.0,47.6,48.0,14.6,2.7,0.7,10.0,1.9,67.2,2.6,39.2,6.3,0.0,0.0,
2012,Whitsunday,NTR 1987,B3,2641.3,566.5,33.8,1.7,12.0,3.3,178.0,31.9,14.0,2.9,1642.0,474.3,206.0,28.9,4.0,2.7,11.8,0.5,16.0,2.8,13.2,3.1,14.0,4.4,
2012,Whitsunday,NTR 1987,B4,1735.3,396.3,28.0,0.5,9.3,1.9,74.7,10.7,14.7,2.0,924.0,366.8,232.0,16.6,4.0,1.2,11.9,1.1,52.0,5.6,37.6,5.3,6.8,4.9,
2012,Whitsunday,NTR 1987,B5,2175.3,367.2,19.8,1.1,5.3,0.8,14.0,6.9,8.0,3.3,1444.0,367.1,0.0,0.0,4.7,0.8,10.6,1.3,67.2,3.1,62.8,3.6,0.8,0.8,
2012,Whitsunday,NTR 1987,B6,1426.7,308.3,23.0,3.6,10.0,3.2,36.7,12.1,8.0,1.3,322.0,128.0,30.0,8.4,2.7,2.7,5.7,0.4,51.6,6.1,33.2,5.9,12.8,9.0,
2012,Whitsunday,NTR 1987,HG1,1641.3,212.3,40.0,2.2,10.0,2.1,109.3,28.3,20.0,4.9,24.0,5.1,22.0,8.6,4.0,0.7,6.2,0.7,64.0,4.2,32.8,5.1,0.0,0.0,
2012,Whitsunday,NTR 1987,HG2,2676.0,885.0,38.4,1.4,23.3,7.2,60.7,13.2,14.7,4.0,836.0,743.3,22.0,10.7,11.3,3.1,3.7,0.1,72.0,3.8,44.0,5.6,0.8,0.8,
2012,Whitsunday,NTR 1987,HG3,2538.6,296.3,39.0,2.4,14.0,5.5,137.3,18.2,28.7,3.6,370.0,110.3,90.0,11.4,10.0,3.8,5.1,0.2,58.4,7.0,42.8,4.9,0.0,0.0,
2012,Whitsunday,NTR 1987,HG4,3372.6,335.9,37.2,1.8,16.7,4.2,100.0,13.0,18.7,2.5,232.0,83.6,16.0,6.8,5.3,1.7,4.7,0.7,74.4,4.9,67.2,6.1,0.0,0.0,
2012,Whitsunday,NTR 1987,HG5,1070.7,93.2,32.8,0.6,12.7,1.6,66.7,8.2,22.7,5.8,66.0,37.4,18.0,6.6,8.7,2.3,3.8,0.3,57.2,3.4,43.6,4.7,0.4,0.4,
2012,Whitsunday,NTR 1987,HG6,1948.6,320.2,39.2,1.4,16.0,2.9,105.3,10.9,21.3,6.1,336.0,270.1,94.0,22.5,6.0,3.1,4.5,0.3,49.6,4.7,39.2,2.8,0.0,0.0,
2012,Whitsunday,NTR 2004,BL1,2320.0,83.1,40.6,2.3,16.0,7.5,90.7,10.2,36.7,6.4,138.0,77.5,142.0,25.0,6.0,3.2,4.4,0.3,71.6,1.3,34.8,2.3,0.8,0.8,
2012,Whitsunday,NTR 2004,BL2,2074.6,385.9,38.4,1.7,29.3,7.8,138.0,60.1,30.0,3.5,604.0,251.3,54.0,10.3,18.7,6.8,5.9,0.4,64.0,5.4,40.4,5.3,0.0,0.0,
2012,Whitsunday,NTR 2004,DB1,2914.0,404.6,33.2,2.5,16.0,3.7,74.7,28.9,11.3,2.7,1286.0,376.8,80.0,13.8,5.3,2.3,3.3,0.2,41.6,3.5,10.4,1.6,0.4,0.4,
2012,Whitsunday,NTR 2004,DB2,2663.3,336.0,38.0,1.7,32.7,8.1,85.3,19.5,16.7,4.5,720.0,355.8,160.0,14.5,12.0,1.3,6.2,0.7,57.2,3.1,26.4,1.6,0.0,0.0,
2012,Whitsunday,NTR 2004,HG7,2807.3,316.5,41.2,2.6,14.0,2.4,71.3,9.8,45.3,10.9,446.0,184.7,34.0,6.8,4.7,2.0,4.7,0.2,55.2,2.4,46.8,5.2,0.0,0.0,
2012,Whitsunday,NTR 2004,HW1,2873.3,242.8,36.8,1.0,15.3,3.4,106.7,11.3,32.7,4.0,60.0,24.7,22.0,7.3,6.0,1.9,4.1,0.2,71.6,2.6,62.4,1.9,0.4,0.4,
2012,Whitsunday,NTR 2004,HW2,3059.3,462.1,43.6,2.6,24.0,6.4,204.0,48.6,24.7,1.7,852.0,356.8,126.0,14.0,10.0,4.3,4.9,0.6,63.6,4.0,58.4,5.2,0.0,0.0,
2012,Whitsunday,NTR 2004,HW3,3225.3,408.9,35.6,0.9,13.3,1.1,118.0,16.5,24.0,7.6,1410.0,250.8,86.0,10.8,7.3,1.9,3.9,0.2,56.0,6.0,41.6,6.2,0.4,0.4,
2012,Whitsunday,NTR 2004,L1,2296.0,196.1,39.2,1.8,15.3,8.3,66.7,4.9,44.0,4.4,156.0,148.5,32.0,13.2,6.7,4.3,9.2,1.1,63.6,1.8,28.4,1.7,0.0,0.0,
2013,Keppel,Fished,GK1,1841.3,360.9,21.4,1.3,6.0,2.2,25.3,4.3,22.7,3.6,1090.0,384.8,194.0,9.3,0.7,0.7,5.7,0.4,48.4,6.4,44.0,6.4,0.0,0.0,
2013,Keppel,Fished,GK2,1168.7,230.3,22.2,3.6,11.3,2.3,44.0,11.8,15.3,4.5,640.0,180.3,142.0,20.8,3.3,1.5,6.2,0.7,24.4,5.8,20.4,5.6,0.4,0.4,
2013,Keppel,Fished,GK3,679.3,92.0,14.0,1.6,0.7,0.7,1.3,0.8,30.7,7.4,206.0,109.7,102.0,13.2,0.0,0.0,3.7,0.1,67.6,5.3,67.6,5.3,4.0,4.0,
2013,Keppel,Fished,GK4,1167.3,260.5,23.4,1.2,16.7,5.3,26.7,8.5,32.7,3.2,486.0,200.0,130.0,14.8,7.3,3.2,5.1,0.2,36.8,4.6,33.2,5.1,2.8,1.9,
2013,Keppel,Fished,GK7,989.3,109.5,17.8,0.5,5.3,2.5,20.7,7.3,10.7,2.7,470.0,102.4,134.0,12.1,4.0,1.9,4.7,0.7,15.6,5.2,14.8,4.5,14.8,3.8,
2013,Keppel,Fished,GK8,2842.7,1710.1,14.6,1.0,4.7,1.3,13.3,5.5,6.7,2.1,2240.0,1710.0,154.0,16.9,2.0,1.3,3.8,0.3,23.6,9.3,23.2,9.5,0.0,0.0,
2013,Keppel,Fished,H3,1731.3,387.4,14.4,1.4,2.7,1.9,8.0,2.9,2.0,1.3,1370.0,350.6,46.0,6.8,0.7,0.7,4.5,0.3,7.2,2.2,7.2,2.2,6.0,1.3,
2013,Keppel,Fished,MI1,862.7,294.6,11.6,1.0,6.0,1.9,3.3,3.3,8.7,2.7,512.0,262.8,128.0,20.1,4.7,1.3,4.4,0.3,14.8,3.3,14.4,3.1,1.6,0.7,
2013,Keppel,Fished,MI2,1102.7,121.7,17.6,1.6,6.7,2.6,22.7,7.4,9.3,5.4,720.0,139.3,60.0,4.5,6.0,2.9,5.9,0.4,38.4,3.2,20.0,2.6,2.0,1.5,
2013,Keppel,Fished,NK3,1377.3,358.3,13.8,2.7,8.0,3.9,9.3,3.4,17.3,8.2,880.0,305.6,72.0,16.6,5.3,2.5,3.3,0.2,32.4,13.8,32.4,13.8,48.8,13.6,
2013,Keppel,NTR 1987,H1,2196.0,183.2,18.8,1.2,22.7,11.2,38.7,9.6,17.3,3.9,1402.0,218.2,212.0,24.8,6.0,0.7,3.9,0.2,28.8,4.2,26.4,4.2,0.8,0.8,
2013,Keppel,NTR 1987,H2,1568.0,253.0,19.4,2.1,10.0,3.7,32.7,9.0,12.7,2.7,1162.0,225.1,90.0,10.5,7.3,3.2,4.7,0.3,34.8,5.2,32.0,5.2,4.0,2.4,
2013,Keppel,NTR 1987,M1,2278.7,422.3,13.6,0.6,7.3,2.7,34.7,9.5,0.0,0.0,1740.0,377.6,92.0,22.0,7.3,2.7,3.0,0.2,2.4,1.9,2.4,1.9,9.6,3.5,
2013,Keppel,NTR 1987,M2,4400.0,625.2,12.4,0.7,0.0,0.0,28.7,4.8,7.3,2.9,3940.0,585.1,82.0,16.2,0.0,0.0,3.5,0.2,41.2,6.8,40.8,7.1,17.6,7.5,
2013,Keppel,NTR 1987,M3,958.7,169.8,12.4,1.3,4.7,2.5,14.0,8.6,10.7,1.2,480.0,188.1,126.0,9.3,2.7,1.2,3.9,0.2,52.0,11.6,52.0,11.6,3.6,1.0,
2013,Keppel,NTR 1987,M4,1876.7,250.3,18.2,1.4,5.3,1.7,32.7,8.8,23.3,4.1,1310.0,287.4,164.0,20.4,2.0,0.8,5.1,0.4,8.8,2.9,8.8,2.9,47.2,7.3,
2013,Keppel,NTR 2004,GK5,1416.7,155.0,11.2,1.3,6.0,3.1,9.3,4.1,0.0,0.0,1070.0,146.3,68.0,5.8,6.0,3.1,4.7,0.2,2.4,1.0,2.0,1.1,27.6,5.2,
2013,Keppel,NTR 2004,GK6,2016.0,336.6,13.2,1.8,13.3,5.9,16.0,6.5,22.7,5.1,1560.0,301.0,118.0,5.8,12.7,5.7,4.1,0.2,45.6,13.1,45.6,13.1,11.2,7.5,
2013,Keppel,NTR 2004,GK9,2050.7,411.3,11.4,0.7,2.7,1.2,2.0,1.3,8.0,3.1,1650.0,418.3,74.0,8.1,1.3,0.8,4.9,0.6,38.4,6.0,38.4,6.0,9.6,4.3,
2013,Keppel,NTR 2004,NK1,210.0,35.3,7.8,1.7,3.3,1.5,11.3,4.4,0.0,0.0,0.0,0.0,30.0,11.4,3.3,1.5,2.9,0.3,4.4,2.5,4.4,2.5,77.2,4.0,
2014,Whitsunday,Fished,HB1,1416.0,206.1,29.6,1.5,14.7,2.3,42.7,7.1,20.7,7.3,76.0,35.9,284.0,20.6,2.0,0.8,14.6,1.5,58.0,1.1,33.6,3.4,0.0,0.0,
2014,Whitsunday,Fished,HB2,1604.0,42.5,30.4,1.7,15.3,4.2,176.6,52.7,26.7,6.7,42.0,22.9,508.0,36.5,6.0,1.2,24.4,0.4,70.4,4.3,54.0,3.0,0.0,0.0,
2014,Whitsunday,Fished,HB3,1013.3,202.0,23.6,1.6,4.7,2.0,13.3,5.2,6.7,3.5,82.0,32.9,142.0,13.6,1.3,0.8,12.7,1.6,57.2,2.4,28.0,2.6,0.0,0.0,
2014,Whitsunday,Fished,HB4,1709.3,112.2,23.6,1.1,4.7,1.7,144.0,67.2,8.7,2.5,298.0,90.8,394.0,29.8,0.7,0.7,21.7,1.1,76.0,3.8,40.0,2.5,0.0,0.0,
2014,Whitsunday,Fished,HB5,1536.0,268.5,25.2,1.5,2.7,1.9,50.7,13.5,7.3,3.6,46.0,21.6,182.0,51.3,1.3,1.3,12.2,2.0,78.0,6.3,39.2,4.7,0.0,0.0,
2014,Whitsunday,Fished,HB7,3112.6,601.2,37.2,2.7,16.0,6.6,108.7,27.7,7.3,1.9,168.0,93.9,70.0,17.6,7.3,2.7,10.8,2.3,63.6,6.9,44.8,7.9,0.0,0.0,
2014,Whitsunday,Fished,HE1,2566.0,231.2,39.8,1.9,14.7,2.3,96.7,20.1,20.0,5.2,100.0,26.6,250.0,9.5,9.3,2.9,14.9,1.3,65.6,1.9,52.0,5.4,0.0,0.0,
2014,Whitsunday,Fished,HE2,1142.0,192.5,27.8,3.2,7.3,2.4,38.7,11.6,16.0,3.9,102.0,29.2,132.0,24.8,1.3,0.8,22.7,1.4,84.8,2.7,76.8,3.3,0.4,0.4,
2014,Whitsunday,Fished,HE3,2514.6,202.7,40.4,1.5,14.0,3.4,98.7,18.0,45.3,7.1,186.0,21.1,198.0,55.0,9.3,3.6,14.1,0.8,70.4,3.0,59.2,4.4,0.0,0.0,
2014,Whitsunday,Fished,HY1,1524.6,137.3,36.0,0.5,6.7,1.1,174.0,30.9,18.7,6.5,124.0,28.0,74.0,8.7,4.0,0.7,22.6,1.5,71.2,5.2,45.6,4.4,0.0,0.0,
2014,Whitsunday,Fished,HY2,2269.3,421.1,37.8,2.9,6.0,3.1,267.3,45.4,16.7,4.1,186.0,99.6,140.0,28.8,2.0,0.8,8.9,0.8,70.4,2.6,39.6,4.5,0.0,0.0,
2014,Whitsunday,Fished,HY3,1580.0,252.8,38.4,1.4,14.7,3.4,62.0,15.0,35.3,7.6,0.0,0.0,58.0,11.6,4.0,1.9,11.3,0.6,50.4,4.4,24.8,1.5,0.0,0.0,
2014,Whitsunday,Fished,W1,1518.0,220.1,26.4,0.6,8.7,1.3,246.6,28.3,9.3,2.9,68.0,8.6,238.0,49.7,2.7,1.2,15.9,1.7,55.2,4.3,30.0,4.9,0.0,0.0,
2014,Whitsunday,Fished,W2,2602.6,698.8,34.2,2.1,12.0,3.9,76.7,28.2,20.0,4.2,418.0,380.7,512.0,80.7,3.3,1.5,12.8,0.5,64.4,3.7,40.8,5.7,0.0,0.0,
2014,Whitsunday,Fished,W3,1161.3,430.3,20.0,2.9,3.3,1.8,9.3,3.4,1.3,0.8,416.0,256.1,126.0,19.4,1.3,0.8,11.2,0.4,70.8,2.6,42.0,6.4,1.2,1.2,
2014,Whitsunday,Fished,W4,1007.3,116.8,27.2,1.4,5.3,1.7,28.0,6.0,17.3,2.9,6.0,6.0,290.0,25.9,2.0,1.3,10.0,0.4,44.4,3.0,25.6,1.5,30.0,4.7,
2014,Whitsunday,Fished,W5,2982.0,383.1,37.0,1.3,10.7,4.4,93.3,12.6,16.0,3.2,1202.0,363.9,488.0,62.7,3.3,1.8,10.2,0.4,60.8,3.9,60.4,4.0,6.4,3.0,
2014,Whitsunday,Fished,W6,961.3,81.1,29.2,2.6,13.3,2.1,264.6,43.3,6.0,2.4,0.0,0.0,330.0,29.7,4.7,1.7,12.1,0.7,30.0,3.8,24.8,1.9,43.6,4.3,
2014,Whitsunday,Fished,W8,1526.0,316.5,29.6,1.9,16.0,4.5,46.0,19.0,16.0,2.4,86.0,68.8,186.0,53.3,6.7,2.8,12.1,0.9,64.0,3.2,44.0,4.3,0.4,0.4,
2014,Whitsunday,Fished,W9,1662.0,345.4,35.2,1.2,8.7,2.3,77.3,21.3,20.0,6.2,72.0,62.1,154.0,23.6,4.0,0.7,9.6,1.9,61.2,11.0,44.0,10.1,2.8,2.8,
2014,Whitsunday,NTR 1987,B1,2158.0,301.1,37.0,1.7,74.0,27.5,82.0,23.8,28.0,5.3,28.0,23.1,94.0,15.4,10.7,2.2,9.0,1.1,50.8,1.9,18.4,2.3,0.0,0.0,
2014,Whitsunday,NTR 1987,B2,3535.3,592.6,33.6,1.6,13.3,3.9,27.3,9.4,35.3,5.3,706.0,404.8,154.0,46.6,7.3,2.4,8.6,0.4,72.4,6.1,45.2,7.6,0.0,0.0,
2014,Whitsunday,NTR 1987,B3,1183.3,80.7,22.8,0.7,11.3,1.3,71.3,13.6,4.7,1.3,208.0,35.7,612.0,32.5,6.0,1.2,15.6,1.2,50.4,7.6,32.8,5.5,10.0,1.9,
2014,Whitsunday,NTR 1987,B4,840.7,159.3,20.6,1.0,3.3,1.1,46.7,6.8,8.0,1.7,112.0,41.9,386.0,75.3,1.3,0.8,13.7,1.4,63.6,10.6,35.2,9.3,0.4,0.4,
2014,Whitsunday,NTR 1987,B5,2044.0,261.1,25.4,2.2,9.3,0.7,34.7,5.8,7.3,3.4,254.0,127.6,44.0,15.0,5.3,0.8,9.6,1.6,77.6,3.7,48.4,6.4,0.0,0.0,
2014,Whitsunday,NTR 1987,B6,1632.0,198.4,36.8,1.8,16.0,3.9,147.3,31.0,15.3,3.1,32.0,16.2,200.0,39.9,8.0,2.5,17.1,1.7,51.2,3.8,36.0,4.1,5.2,2.8,
2014,Whitsunday,NTR 1987,BL1,1918.0,201.2,33.8,2.5,22.0,4.9,64.7,17.8,22.0,3.7,12.0,12.0,128.0,31.4,11.3,2.7,15.1,0.9,73.6,1.9,33.6,3.2,0.0,0.0,
2014,Whitsunday,NTR 1987,BL2,1886.6,256.3,38.0,1.3,25.3,5.4,120.7,25.4,32.7,4.9,206.0,119.1,124.0,27.7,14.0,2.9,15.0,0.8,76.4,2.8,48.0,4.0,0.0,0.0,
2014,Whitsunday,NTR 1987,DU1,2116.6,239.2,39.0,1.2,12.0,3.4,96.7,13.9,20.7,4.1,270.0,178.1,100.0,19.7,5.3,2.3,6.3,0.6,46.0,2.7,19.6,4.4,0.4,0.4,
2014,Whitsunday,NTR 1987,DU2,2853.3,490.7,34.2,1.6,34.7,8.6,68.0,13.1,14.7,6.1,592.0,204.8,390.0,90.2,15.3,2.9,9.8,1.0,69.2,6.3,40.8,2.9,0.4,0.4,
2014,Whitsunday,NTR 1987,HG6,1950.0,280.7,38.8,2.2,20.0,4.9,237.3,59.2,19.3,5.6,22.0,14.3,102.0,24.2,16.0,4.1,17.2,3.0,59.2,3.7,46.0,3.8,0.8,0.8,
2014,Whitsunday,NTR 1987,HG7,2226.0,259.1,38.8,2.2,13.3,4.1,96.0,19.0,39.3,5.5,124.0,47.3,128.0,21.3,9.3,1.9,15.8,0.4,60.8,7.4,49.2,8.0,0.0,0.0,
2014,Whitsunday,NTR 2004,HG1,1683.3,222.6,41.0,3.0,13.3,2.4,92.7,8.9,22.7,5.5,156.0,72.9,66.0,14.4,6.7,1.8,18.0,0.7,66.4,3.7,38.4,4.9,0.0,0.0,
2014,Whitsunday,NTR 2004,HG2,3342.6,895.2,46.4,0.5,28.7,3.3,167.3,16.7,32.0,4.0,962.0,859.9,52.0,10.2,17.3,2.7,15.9,0.8,73.6,5.1,46.4,5.2,0.0,0.0,
2014,Whitsunday,NTR 2004,HG3,2203.3,105.0,42.4,1.5,16.7,2.1,260.0,59.1,20.7,3.4,178.0,33.5,150.0,15.2,10.7,1.2,19.1,2.1,61.2,2.7,47.6,2.4,0.0,0.0,
2014,Whitsunday,NTR 2004,HG4,3042.0,326.7,42.2,2.1,17.3,2.4,141.3,9.5,11.3,2.7,354.0,212.7,28.0,2.0,12.7,2.7,13.4,2.0,50.4,4.3,45.2,4.2,0.8,0.8,
2014,Whitsunday,NTR 2004,HG5,1909.3,118.0,39.0,1.5,17.3,1.9,121.3,24.5,26.7,6.1,42.0,9.7,130.0,37.5,8.7,1.7,18.7,2.0,64.4,3.9,46.0,5.8,0.0,0.0,
2014,Whitsunday,NTR 2004,HW1,3206.6,451.6,43.0,2.1,15.3,4.0,187.3,22.1,36.7,10.7,92.0,39.3,36.0,8.7,5.3,1.3,16.0,1.3,58.8,1.4,52.0,1.7,0.0,0.0,
2014,Whitsunday,NTR 2004,HW2,3634.6,332.9,40.2,1.3,22.7,5.5,230.0,54.4,6.7,2.8,674.0,494.9,138.0,18.3,14.7,4.5,12.3,1.4,46.8,6.8,43.2,6.6,0.0,0.0,
2014,Whitsunday,NTR 2004,HW3,2942.0,390.6,39.2,1.9,24.0,3.9,290.6,59.0,28.0,6.5,320.0,157.2,70.0,28.8,15.3,3.6,16.7,1.7,48.0,3.9,37.6,4.1,0.0,0.0,
2014,Whitsunday,NTR 2004,L1,1391.3,139.6,33.4,2.7,13.3,2.8,59.3,13.3,19.3,7.2,22.0,8.0,54.0,14.4,8.0,2.5,12.1,1.4,60.0,2.1,25.6,3.4,0.4,0.4,
2014,Palm,Fished,C4,2484.0,215.6,39.8,1.5,16.0,3.2,79.3,23.1,10.0,2.1,42.0,12.4,176.0,19.6,4.7,2.3,13.8,1.3,44.4,2.5,23.6,3.5,0.8,0.5,
2014,Palm,Fished,C5,634.0,59.7,35.6,1.9,9.3,1.2,128.7,22.1,3.3,1.1,60.0,43.9,120.0,27.0,1.3,0.8,7.1,0.5,34.0,3.3,7.6,1.2,0.0,0.0,
2014,Palm,Fished,C6,2280.6,665.7,32.0,4.1,19.3,8.5,76.7,24.5,2.0,1.3,54.0,51.5,158.0,43.5,1.3,1.3,4.7,1.0,43.2,5.7,9.6,3.8,4.0,4.0,
2014,Palm,Fished,PE1,1507.9,162.1,35.8,3.6,8.7,0.8,151.3,41.5,1.3,0.8,110.0,42.7,308.0,28.5,0.7,0.7,10.4,0.9,42.0,5.7,19.6,4.0,0.0,0.0,
2014,Palm,Fished,PE2,879.3,166.2,30.4,1.6,6.7,3.2,52.0,11.6,7.3,1.2,20.0,8.4,308.0,42.7,0.7,0.7,12.9,2.0,22.4,4.9,18.4,3.5,2.4,1.0,
2014,Palm,Fished,PE3,597.3,118.3,34.6,1.8,6.0,1.9,106.7,19.2,6.7,2.4,32.0,12.4,150.0,60.6,1.3,1.3,16.2,0.8,24.8,3.6,18.8,2.7,7.6,2.4,
2014,Palm,Fished,PE4,568.0,52.0,28.4,2.5,2.7,1.2,148.7,20.0,4.7,1.3,6.0,4.0,210.0,26.6,1.3,0.8,14.5,1.2,14.4,1.7,12.0,1.3,10.8,2.0,
2014,Palm,Fished,PE5,881.3,33.2,33.2,1.6,6.7,2.1,138.0,24.8,1.3,0.8,44.0,14.4,388.0,19.3,2.0,1.3,19.9,0.7,26.8,0.8,17.6,0.7,3.6,0.7,
2014,Palm,Fished,PE6,1474.0,180.0,44.6,2.5,19.3,2.4,126.0,13.9,10.0,4.6,128.0,46.0,472.0,29.2,5.3,1.3,13.1,1.0,11.6,2.9,8.4,2.1,16.0,3.4,
2014,Palm,Fished,PS1,2132.6,188.9,37.6,1.7,11.3,2.7,88.7,19.6,7.3,2.2,16.0,16.0,256.0,56.1,3.3,0.0,8.1,0.8,47.2,6.5,8.0,2.4,0.0,0.0,
2014,Palm,Fished,PS2,3686.0,365.2,39.8,2.2,6.7,1.5,78.7,13.8,17.3,8.5,42.0,25.6,160.0,23.5,4.0,1.6,9.6,0.4,41.6,5.2,36.8,5.6,3.2,0.8,
2014,Palm,Fished,PS3,3439.3,161.8,35.6,1.9,10.7,3.9,53.3,5.5,23.3,4.8,28.0,21.3,216.0,34.3,5.3,3.1,13.6,1.2,61.2,5.4,34.4,2.2,0.4,0.4,
2014,Palm,Fished,PS4,1621.3,465.3,36.8,2.7,7.3,2.7,84.7,21.0,11.3,2.7,0.0,0.0,96.0,25.0,4.0,1.9,5.5,1.0,31.6,4.5,14.4,3.7,2.4,2.4,
2014,Palm,Fished,PS5,2212.0,327.9,33.4,1.0,5.3,1.7,44.7,8.1,14.7,3.9,20.0,13.0,62.0,20.3,2.0,1.3,13.4,0.9,52.0,5.4,32.8,4.8,1.2,0.8,
2014,Palm,Fished,PS6,752.0,176.2,28.0,2.6,2.7,1.2,58.7,5.4,6.7,2.1,70.0,33.3,158.0,14.6,0.7,0.7,15.1,0.4,36.4,4.0,18.8,2.2,8.8,1.9,
2014,Palm,NTR 1987,OE1,1460.6,352.2,36.8,3.5,18.0,4.8,162.7,41.8,0.0,0.0,90.0,51.5,536.0,81.3,5.3,2.9,7.9,1.8,10.4,2.8,3.6,1.9,21.6,5.4,
2014,Palm,NTR 1987,OE2,1108.0,109.1,30.6,3.2,18.0,5.4,50.7,10.4,1.3,1.3,114.0,18.6,542.0,76.8,3.3,2.1,8.3,1.2,22.0,4.6,8.8,2.4,8.8,3.7,
2014,Palm,NTR 1987,OE3,1568.6,173.6,34.8,1.3,16.0,3.2,79.3,14.3,3.3,1.1,112.0,38.1,674.0,104.4,3.3,1.1,6.9,0.5,33.2,4.4,18.4,4.1,2.4,1.6,
2014,Palm,NTR 1987,OE4,773.3,96.9,29.4,2.5,8.0,2.3,111.3,19.6,1.3,1.3,12.0,8.0,392.0,29.2,4.0,0.7,21.0,1.0,16.8,3.5,12.0,2.8,11.2,2.9,
2014,Palm,NTR 1987,OE5,1038.0,68.0,34.2,1.4,17.3,2.7,134.0,11.4,4.0,1.2,38.0,33.1,496.0,20.1,2.7,0.7,14.2,0.8,14.8,3.1,11.2,1.9,20.4,3.2,
2014,Palm,NTR 1987,OE6,938.6,114.1,30.2,2.0,9.3,2.2,118.7,18.0,2.7,1.6,32.0,18.5,450.0,41.8,4.0,1.6,17.3,0.9,19.2,2.5,12.8,2.6,10.8,1.2,
2014,Palm,NTR 1987,OS1,1194.6,67.1,29.4,1.3,20.0,4.7,52.7,10.4,22.0,2.5,0.0,0.0,294.0,12.9,6.7,2.8,10.6,0.9,54.8,3.8,45.2,4.1,0.0,0.0,
2014,Palm,NTR 1987,OS2,2086.0,52.6,37.2,2.0,22.7,5.9,95.3,13.6,42.0,4.4,0.0,0.0,242.0,21.8,6.7,3.5,11.3,0.7,51.6,4.8,38.4,5.5,0.0,0.0,
2014,Palm,NTR 1987,OS3,2572.6,474.0,37.2,2.0,24.0,4.6,88.7,9.8,16.7,1.8,258.0,255.5,406.0,81.5,7.3,2.7,8.1,0.8,42.4,4.2,18.4,2.6,0.0,0.0,
2014,Palm,NTR 1987,OS4,3116.0,246.2,36.0,3.1,17.3,6.0,34.7,15.1,77.3,11.1,84.0,53.0,640.0,55.5,6.0,3.1,5.7,0.3,42.0,1.9,33.2,3.9,0.4,0.4,
2014,Palm,NTR 1987,OS5,2494.6,214.1,41.4,2.4,10.0,2.4,95.3,33.8,20.7,3.2,0.0,0.0,158.0,19.6,5.3,2.7,9.2,0.7,42.4,4.5,12.0,1.5,0.0,0.0,
2014,Palm,NTR 1987,OS6,705.3,95.7,27.2,2.5,6.0,1.2,82.0,19.2,8.0,4.3,0.0,0.0,236.0,41.7,2.7,1.2,5.5,0.5,20.8,3.6,10.4,0.7,3.2,2.1,
2014,Palm,NTR 2004,C1,3904.7,534.6,36.0,2.0,7.3,1.2,37.3,8.1,18.0,4.0,10.0,7.7,238.0,31.8,3.3,1.1,10.6,0.1,61.6,3.6,26.4,2.5,0.0,0.0,
2014,Palm,NTR 2004,C2,2939.3,285.7,37.0,2.2,9.3,2.2,41.3,7.8,10.7,2.4,12.0,5.8,124.0,18.6,4.0,1.2,10.5,0.4,57.6,3.5,22.8,1.7,0.0,0.0,
2014,Palm,NTR 2004,C3,5106.6,877.7,38.2,0.7,14.7,5.2,92.0,22.3,14.7,2.5,142.0,115.2,150.0,32.2,4.7,1.3,10.2,0.7,60.0,3.5,42.4,5.0,0.0,0.0,